{
"type": "FeatureCollection",
"name": "egms_coverage_countries",
"crs": { "type": "name", "properties": { "name": "urn:ogc:def:crs:OGC:1.3:CRS84" } },
"features": [
{ "type": "Feature", "properties": { "name": "Andorra", "iso_a2": "AD" }, "geometry": { "type": "Polygon", "coordinates": [ [ [ 1.706054687499998, 42.503320312500009 ], [ 1.448828125, 42.437451171874983 ], [ 1.414843750000018, 42.54838867187501 ], [ 1.458886718750025, 42.621679687499999 ], [ 1.568164062500017, 42.635009765625007 ], [ 1.709863281250027, 42.604443359374997 ], [ 1.740234375, 42.556738281249999 ], [ 1.706054687499998, 42.503320312500009 ] ] ] } },
{ "type": "Feature", "properties": { "name": "Austria", "iso_a2": "AT" }, "geometry": { "type": "Polygon", "coordinates": [ [ [ 9.527539062500018, 47.270751953125007 ], [ 9.625878906250028, 47.467041015625007 ], [ 9.524023437500009, 47.52421875 ], [ 9.650585937500013, 47.52587890625 ], [ 9.748925781250017, 47.575537109374991 ], [ 9.971582031250025, 47.505322265624997 ], [ 10.059863281250019, 47.449072265625006 ], [ 10.06630859375003, 47.393359374999982 ], [ 10.200292968750004, 47.363427734375009 ], [ 10.183007812500021, 47.278808593749993 ], [ 10.312792968750019, 47.313427734374997 ], [ 10.369140625, 47.366064453125006 ], [ 10.439453125, 47.5515625 ], [ 10.873046875, 47.520214843750004 ], [ 10.980859375000017, 47.398144531249997 ], [ 11.0419921875, 47.393115234375003 ], [ 11.29794921875, 47.424902343750006 ], [ 11.392968750000026, 47.487158203124999 ], [ 11.716796875, 47.58349609375 ], [ 12.185644531250006, 47.61953125 ], [ 12.209277343750014, 47.71826171875 ], [ 12.482910156250004, 47.637304687500006 ], [ 12.68583984375001, 47.669335937499994 ], [ 12.771386718750021, 47.639404296875007 ], [ 12.809375, 47.5421875 ], [ 13.01435546875001, 47.478076171875003 ], [ 13.054101562500025, 47.655126953124991 ], [ 13.033593750000023, 47.698730468750007 ], [ 12.897656250000011, 47.721875 ], [ 12.954199218750006, 47.807763671875009 ], [ 12.953515625000028, 47.890625 ], [ 12.760058593750012, 48.075976562499996 ], [ 12.814257812500014, 48.160839843749997 ], [ 13.374609375, 48.361376953124989 ], [ 13.486621093750017, 48.581835937499996 ], [ 13.675195312500028, 48.523046875 ], [ 13.723925781250019, 48.54238281249998 ], [ 13.785351562500004, 48.587451171875003 ], [ 13.814746093750017, 48.766943359374999 ], [ 13.988769531250005, 48.692431640624996 ], [ 14.049121093750014, 48.60249023437499 ], [ 14.36757812500003, 48.576220703124996 ], [ 14.488671875000025, 48.625537109375003 ], [ 14.691308593750019, 48.599218750000013 ], [ 14.706640625, 48.671923828124996 ], [ 14.785937500000014, 48.747363281249996 ], [ 14.821875, 48.774023437500006 ], [ 14.922558593750013, 48.771386718750001 ], [ 14.993457031250021, 49.001123046875001 ], [ 15.16171875, 48.946289062500007 ], [ 15.310937500000016, 48.974023437500001 ], [ 15.70078125, 48.860449218750013 ], [ 15.825195312500005, 48.864453125 ], [ 16.057226562500006, 48.754785156249987 ], [ 16.367285156250013, 48.738964843750004 ], [ 16.477929687500026, 48.800097656250003 ], [ 16.543554687500002, 48.796240234375013 ], [ 16.883691406250023, 48.703710937499999 ], [ 16.953125, 48.598828125 ], [ 16.862695312500023, 48.44140625 ], [ 16.865429687500008, 48.38691406249999 ], [ 17.0859375, 48.03955078125 ], [ 17.147363281250016, 48.005957031250006 ], [ 17.0890625, 47.963623046875014 ], [ 17.03007812500001, 47.837109375 ], [ 17.066601562500008, 47.707568359374989 ], [ 16.785937500000014, 47.678662109375004 ], [ 16.590917968750013, 47.750537109374989 ], [ 16.421289062500026, 47.674462890625001 ], [ 16.639746093750009, 47.608886718750007 ], [ 16.676562500000024, 47.536035156250001 ], [ 16.623046875, 47.447558593749989 ], [ 16.442871093749996, 47.39951171875002 ], [ 16.462597656250008, 47.273144531250004 ], [ 16.41689453125003, 47.2234375 ], [ 16.438378906250026, 47.145898437500009 ], [ 16.49267578125, 47.12265625 ], [ 16.461230468750021, 47.0224609375 ], [ 16.252539062500006, 46.971923828125014 ], [ 16.037207031250006, 46.844824218750006 ], [ 15.976855468750014, 46.801367187499991 ], [ 15.957617187500013, 46.677636718749994 ], [ 15.766894531250019, 46.711279296874999 ], [ 15.632617187500024, 46.6984375 ], [ 15.439257812500019, 46.629638671875 ], [ 15.216992187500011, 46.642968749999987 ], [ 14.893261718750013, 46.605908203125004 ], [ 14.756738281250026, 46.499121093750006 ], [ 14.549804687500004, 46.399707031249996 ], [ 12.479199218750008, 46.672509765624994 ], [ 12.38828125, 46.702636718749993 ], [ 12.154101562500019, 46.935253906249997 ], [ 12.130761718750025, 46.984765625 ], [ 12.201269531250002, 47.060888671874984 ], [ 12.169433593749998, 47.082128906250013 ], [ 11.775683593750017, 46.986083984375 ], [ 11.244433593750015, 46.975683593749999 ], [ 11.133886718750006, 46.936181640624994 ], [ 11.02509765625001, 46.796972656249999 ], [ 10.92734375, 46.769482421874997 ], [ 10.759765625, 46.793310546875006 ], [ 10.689257812500014, 46.846386718749997 ], [ 10.452832031250017, 46.864941406250011 ], [ 10.414941406250017, 46.964404296874996 ], [ 10.349414062500014, 46.984765624999987 ], [ 10.133496093750015, 46.85151367187499 ], [ 9.877734375000015, 46.937695312500004 ], [ 9.8453125, 47.007373046874989 ], [ 9.580273437500015, 47.057373046875 ], [ 9.610546875000011, 47.107128906249997 ], [ 9.527539062500018, 47.270751953125007 ] ] ] } },
{ "type": "Feature", "properties": { "name": "Belgium", "iso_a2": "BE" }, "geometry": { "type": "Polygon", "coordinates": [ [ [ 4.226171875, 51.386474609374993 ], [ 4.373730468750014, 51.356005859374996 ], [ 4.404003906250014, 51.367089843749987 ], [ 4.384765625, 51.427587890624999 ], [ 4.503417968750004, 51.474707031249999 ], [ 4.633984375000013, 51.421728515625006 ], [ 4.755664062500021, 51.491113281249987 ], [ 4.848046875000021, 51.403271484374997 ], [ 4.943945312500003, 51.407763671874996 ], [ 5.030957031250016, 51.469091796874999 ], [ 5.099902343750021, 51.346484375 ], [ 5.214160156250015, 51.278955078125001 ], [ 5.310839843750017, 51.259716796875004 ], [ 5.476855468750014, 51.285058593750001 ], [ 5.60878906250002, 51.1984375 ], [ 5.827148437500003, 51.125634765624987 ], [ 5.75, 50.950244140624989 ], [ 5.639453125000019, 50.843603515624999 ], [ 5.693652343750017, 50.774658203125007 ], [ 5.747070312500003, 50.759570312499989 ], [ 5.993945312500016, 50.750439453125004 ], [ 6.2359375, 50.596679687500007 ], [ 6.168457031249999, 50.545361328124997 ], [ 6.178710937500004, 50.52250976562501 ], [ 6.340917968750001, 50.451757812499991 ], [ 6.36445312500001, 50.316162109375 ], [ 6.175097656250017, 50.232666015625 ], [ 6.116503906250016, 50.120996093750001 ], [ 6.089062500000011, 50.154589843749996 ], [ 5.97626953125001, 50.1671875 ], [ 5.866894531250012, 50.0828125 ], [ 5.744042968750025, 49.919628906249997 ], [ 5.725, 49.808300781249997 ], [ 5.880371093750003, 49.644775390625 ], [ 5.815429687499999, 49.553808593749991 ], [ 5.507324218749996, 49.510888671875001 ], [ 5.278808593750002, 49.677929687499997 ], [ 5.006933593750006, 49.77836914062501 ], [ 4.867578125000023, 49.788134765624996 ], [ 4.841503906250012, 49.91450195312499 ], [ 4.7900390625, 49.959570312499991 ], [ 4.860546875000012, 50.135888671874994 ], [ 4.818652343750021, 50.153173828124999 ], [ 4.706640625, 50.097070312500001 ], [ 4.656152343750026, 50.00244140625 ], [ 4.545019531250007, 49.960253906249996 ], [ 4.36875, 49.944970703125001 ], [ 4.149316406250024, 49.971582031249994 ], [ 4.136816406250002, 50.0 ], [ 4.192187500000013, 50.094140625 ], [ 4.135253906250001, 50.143798828125007 ], [ 4.174609375000019, 50.246484374999987 ], [ 4.044140625000013, 50.321337890624996 ], [ 3.949707031249997, 50.3359375 ], [ 3.748046875, 50.343505859375014 ], [ 3.689355468750024, 50.306054687499994 ], [ 3.595410156250014, 50.47734375 ], [ 3.273339843750025, 50.531542968749989 ], [ 3.234960937500006, 50.662939453125006 ], [ 3.106835937500024, 50.779443359375009 ], [ 2.839746093750022, 50.711767578124991 ], [ 2.759375, 50.750634765625001 ], [ 2.596777343750005, 50.87592773437499 ], [ 2.601464843750022, 50.955273437499997 ], [ 2.524902343749998, 51.097119140624997 ], [ 3.350097656250001, 51.377685546875 ], [ 3.380078125, 51.291113281250006 ], [ 3.432519531250027, 51.245751953124994 ], [ 3.580273437500015, 51.28618164062501 ], [ 3.90205078125001, 51.207666015625009 ], [ 4.172558593750012, 51.307080078125004 ], [ 4.226171875, 51.386474609374993 ] ] ] } },
{ "type": "Feature", "properties": { "name": "Bulgaria", "iso_a2": "BG" }, "geometry": { "type": "Polygon", "coordinates": [ [ [ 28.01445312500001, 41.969042968749996 ], [ 27.87919921875001, 41.98662109375001 ], [ 27.534863281250004, 41.920800781250009 ], [ 27.244335937500011, 42.093261718750014 ], [ 27.01171875, 42.058642578124996 ], [ 26.884863281250006, 41.991845703124994 ], [ 26.615332031250013, 41.964892578124996 ], [ 26.511425781250004, 41.826367187500011 ], [ 26.360351562499996, 41.801562499999982 ], [ 26.320898437500009, 41.716552734374993 ], [ 26.200585937500019, 41.743798828125001 ], [ 26.107421875, 41.725683593749999 ], [ 26.066015625, 41.673242187499994 ], [ 26.143554687499989, 41.521533203124996 ], [ 26.135351562499999, 41.385742187500007 ], [ 25.92333984375, 41.311914062499987 ], [ 25.784960937500017, 41.330419921875006 ], [ 25.251171875, 41.243554687499994 ], [ 24.993554687500016, 41.364990234375 ], [ 24.846875, 41.394238281249997 ], [ 24.773730468750017, 41.356103515625009 ], [ 24.595996093750014, 41.442724609375006 ], [ 24.518261718750004, 41.55253906250001 ], [ 24.487890625, 41.555224609374989 ], [ 24.38671875, 41.523535156249999 ], [ 24.05605468750003, 41.527246093749987 ], [ 24.011328125, 41.460058593750006 ], [ 23.880859375, 41.455957031250001 ], [ 23.635156250000019, 41.386767578125003 ], [ 23.23984375, 41.384960937499997 ], [ 23.155957031250015, 41.322070312499996 ], [ 22.916015625, 41.336279296874999 ], [ 22.951464843750006, 41.60561523437498 ], [ 23.003613281250008, 41.73984375 ], [ 22.943945312499999, 41.775097656249997 ], [ 22.836816406250026, 41.993603515624997 ], [ 22.582714843750011, 42.104833984374991 ], [ 22.344042968750014, 42.313964843749993 ], [ 22.422070312500015, 42.328857421875 ], [ 22.523535156250002, 42.440966796875003 ], [ 22.524218750000017, 42.50390625 ], [ 22.472070312500026, 42.543310546874991 ], [ 22.436230468750015, 42.629101562499997 ], [ 22.465625, 42.75078125 ], [ 22.439257812500021, 42.791650390624994 ], [ 22.466796875, 42.842480468749997 ], [ 22.706152343749999, 42.883935546875001 ], [ 22.942285156250016, 43.097070312499987 ], [ 22.976855468750024, 43.187988281249993 ], [ 22.859570312500015, 43.25234375 ], [ 22.767578125, 43.354150390625001 ], [ 22.554589843750033, 43.454492187500001 ], [ 22.499121093750002, 43.518847656250003 ], [ 22.36962890625, 43.781298828124996 ], [ 22.399023437500013, 43.96953125 ], [ 22.420800781250019, 44.007421875000013 ], [ 22.597460937500014, 44.075292968749999 ], [ 22.6265625, 44.194091796875007 ], [ 22.705078125, 44.237792968750007 ], [ 23.028515625000011, 44.077978515624999 ], [ 23.024414062500004, 44.047216796874999 ], [ 22.868261718749999, 43.947900390624994 ], [ 22.867675781249989, 43.864550781250003 ], [ 22.919042968750006, 43.834472656250007 ], [ 23.224609375, 43.873876953125006 ], [ 24.226757812500022, 43.763476562500003 ], [ 24.43056640625003, 43.794384765625004 ], [ 25.159667968750011, 43.686328125 ], [ 25.497070312499989, 43.670800781250009 ], [ 25.818847656250004, 43.766845703125007 ], [ 25.933398437500014, 43.87055664062499 ], [ 26.215820312499996, 44.007275390624997 ], [ 26.489257812499996, 44.083984374999986 ], [ 27.086914062500004, 44.167382812499994 ], [ 27.425390625, 44.0205078125 ], [ 27.670898437499989, 43.997802734375 ], [ 27.738574218750003, 43.956298828125007 ], [ 27.884277343750004, 43.987353515624996 ], [ 28.05, 43.822412109374994 ], [ 28.22197265625001, 43.772851562500001 ], [ 28.585351562500023, 43.742236328125003 ], [ 28.561816406250028, 43.501318359374999 ], [ 28.465429687499999, 43.389306640625001 ], [ 28.319628906250017, 43.426855468749999 ], [ 28.133691406250023, 43.395605468749999 ], [ 27.92890625, 43.186132812499999 ], [ 27.888867187500008, 42.749707031250011 ], [ 27.753710937500024, 42.70654296875 ], [ 27.484765625000026, 42.468066406249996 ], [ 27.708203125, 42.349951171875006 ], [ 27.982714843750017, 42.047412109375003 ], [ 28.01445312500001, 41.969042968749996 ] ] ] } },
{ "type": "Feature", "properties": { "name": "Croatia", "iso_a2": "HR" }, "geometry": { "type": "MultiPolygon", "coordinates": [ [ [ [ 13.577929687500019, 45.516894531249996 ], [ 13.615234375, 45.476757812499997 ], [ 13.878710937500017, 45.428369140625001 ], [ 13.992773437500013, 45.509423828124994 ], [ 14.085546875, 45.477832031250003 ], [ 14.369921875000019, 45.481445312499993 ], [ 14.568847656249998, 45.6572265625 ], [ 14.793066406250007, 45.478222656250004 ], [ 14.954589843749996, 45.499902343750001 ], [ 15.242089843750023, 45.44140625 ], [ 15.339453125, 45.467041015625007 ], [ 15.283593750000025, 45.5796875 ], [ 15.353710937500008, 45.659912109375 ], [ 15.277050781250008, 45.732617187499997 ], [ 15.652148437500014, 45.862158203124991 ], [ 15.67558593750001, 45.983691406250003 ], [ 15.666210937500011, 46.048486328124987 ], [ 15.596875, 46.109228515624999 ], [ 15.608984375, 46.171923828125003 ], [ 16.000683593750011, 46.305371093749997 ], [ 16.066503906250009, 46.371337890625 ], [ 16.227441406250019, 46.372851562499996 ], [ 16.253320312500023, 46.389111328124997 ], [ 16.236718750000019, 46.483837890625004 ], [ 16.321191406250026, 46.534619140625004 ], [ 16.748046875, 46.416406249999987 ], [ 17.032714843750004, 46.187304687499989 ], [ 17.2421875, 46.076611328125004 ], [ 17.310644531250002, 45.996142578124989 ], [ 17.60703125, 45.913769531250004 ], [ 17.639648437499996, 45.868359375 ], [ 17.80712890625, 45.790429687499994 ], [ 18.358300781250026, 45.753027343749999 ], [ 18.53359375000003, 45.796142578125007 ], [ 18.666015625, 45.907470703125007 ], [ 18.905371093750009, 45.931738281249999 ], [ 18.893554687499996, 45.865527343749996 ], [ 18.839062500000011, 45.835742187499996 ], [ 18.947265625, 45.655810546875003 ], [ 18.917871093750019, 45.600830078125 ], [ 19.064257812500017, 45.514990234374999 ], [ 19.007617187500021, 45.465820312500014 ], [ 19.004687500000017, 45.399511718749999 ], [ 19.093066406250017, 45.3369140625 ], [ 19.330273437500004, 45.268066406250014 ], [ 19.400976562500006, 45.1890625 ], [ 19.205957031250026, 45.167773437499996 ], [ 19.136914062500004, 45.196240234375004 ], [ 19.129687500000014, 45.151708984375006 ], [ 19.062890625000019, 45.137207031250007 ], [ 19.085253906250017, 44.9267578125 ], [ 19.00957031250001, 44.919384765624997 ], [ 19.007128906250024, 44.869189453124996 ], [ 18.941308593750023, 44.865185546874997 ], [ 18.788378906250021, 44.914892578124999 ], [ 18.74609375, 45.026513671874987 ], [ 18.662597656249996, 45.077441406250003 ], [ 18.284960937500021, 45.134277343750007 ], [ 17.996289062500011, 45.141796875 ], [ 17.874414062500019, 45.077246093749999 ], [ 17.812792968750014, 45.078125 ], [ 17.653515625000015, 45.163476562499987 ], [ 17.502636718750011, 45.120361328125007 ], [ 17.125390625000019, 45.171777343750001 ], [ 16.918652343750008, 45.2765625 ], [ 16.790820312500021, 45.196875 ], [ 16.530664062500016, 45.216699218749987 ], [ 16.293359375000026, 45.008837890625003 ], [ 16.157324218750002, 45.07221679687499 ], [ 16.0283203125, 45.189599609374987 ], [ 15.88828125, 45.215722656250001 ], [ 15.788085937499995, 45.178955078125 ], [ 15.736621093750024, 44.765820312500004 ], [ 16.103417968750026, 44.52099609375 ], [ 16.214257812500026, 44.215136718750003 ], [ 16.300097656250014, 44.124511718750007 ], [ 16.590527343750015, 43.913183593750006 ], [ 16.713476562499999, 43.778808593750007 ], [ 17.084570312500002, 43.516552734374997 ], [ 17.273828125000019, 43.445751953125004 ], [ 17.293066406250009, 43.305615234375011 ], [ 17.650488281250006, 43.006591796875 ], [ 17.643457031250019, 42.959765625 ], [ 17.58515625, 42.938378906249994 ], [ 17.329882812500017, 43.114892578124994 ], [ 17.129394531250004, 43.211132812500004 ], [ 16.903125, 43.392431640624991 ], [ 16.393945312500026, 43.543359375 ], [ 16.131054687500011, 43.506298828125004 ], [ 15.985546875, 43.519775390625014 ], [ 15.942578125000013, 43.568945312499999 ], [ 15.941503906250002, 43.656640625 ], [ 15.499414062500019, 43.908789062499999 ], [ 15.185839843750014, 44.172119140625 ], [ 15.122949218750016, 44.256787109375004 ], [ 15.284277343750006, 44.288818359375 ], [ 15.470996093750014, 44.27197265625 ], [ 15.269824218750017, 44.383496093749997 ], [ 14.981347656250019, 44.602929687500001 ], [ 14.89521484375001, 44.706591796875003 ], [ 14.906542968750022, 44.971386718750004 ], [ 14.854589843750002, 45.081005859374983 ], [ 14.550488281250013, 45.297705078124999 ], [ 14.312695312500015, 45.337792968749994 ], [ 14.236328125, 45.159667968749993 ], [ 13.965820312499998, 44.835644531249997 ], [ 13.860742187500017, 44.83740234375 ], [ 13.629296875000026, 45.108203125 ], [ 13.5171875, 45.481787109374991 ], [ 13.577929687500019, 45.516894531249996 ] ] ], [ [ [ 16.650683593750014, 42.99658203125 ], [ 17.093652343750019, 42.96435546875 ], [ 17.188281250000017, 42.917041015624996 ], [ 16.977539062500007, 42.927783203125003 ], [ 16.850683593750006, 42.895507812499993 ], [ 16.696386718750006, 42.933691406250006 ], [ 16.650683593750014, 42.99658203125 ] ] ], [ [ [ 17.194042968750015, 43.12578125000001 ], [ 16.67919921875, 43.123144531250006 ], [ 16.37646484375, 43.213769531250001 ], [ 16.521386718750026, 43.229248046875007 ], [ 16.655957031250018, 43.213769531249994 ], [ 16.697265625, 43.174951171875001 ], [ 17.194042968750015, 43.12578125000001 ] ] ], [ [ [ 16.785253906250009, 43.270654296874994 ], [ 16.62744140625, 43.268066406250007 ], [ 16.423144531250017, 43.317236328124999 ], [ 16.448925781250008, 43.387060546874999 ], [ 16.834375, 43.350830078125 ], [ 16.891308593750008, 43.314648437500004 ], [ 16.785253906250009, 43.270654296874994 ] ] ], [ [ [ 15.231054687500002, 44.062304687499989 ], [ 15.246679687500002, 44.027050781250004 ], [ 15.065820312500028, 44.157666015624997 ], [ 15.231054687500002, 44.062304687499989 ] ] ], [ [ [ 14.81025390625001, 44.977050781250007 ], [ 14.687011718750007, 44.955615234375003 ], [ 14.612988281250017, 45.025439453124989 ], [ 14.51171875, 45.035400390625 ], [ 14.437890625000019, 45.0986328125 ], [ 14.524609375000011, 45.146826171875006 ], [ 14.571093750000012, 45.224755859374994 ], [ 14.81025390625001, 44.977050781250007 ] ] ], [ [ [ 14.754199218750019, 44.844824218750006 ], [ 14.856640625000013, 44.71484375 ], [ 14.678222656249995, 44.769873046874999 ], [ 14.660351562500011, 44.799804687500007 ], [ 14.690527343750007, 44.84814453125 ], [ 14.754199218750019, 44.844824218750006 ] ] ], [ [ [ 15.239941406250018, 44.350195312500006 ], [ 15.162597656249998, 44.309179687500013 ], [ 14.91279296875001, 44.48583984375 ], [ 14.741894531250008, 44.697363281249991 ], [ 15.239941406250018, 44.350195312500006 ] ] ], [ [ [ 14.865039062500021, 44.16796875 ], [ 15.201660156250004, 43.897753906250003 ], [ 15.135839843750004, 43.907275390625003 ], [ 14.865039062500021, 44.16796875 ] ] ], [ [ [ 15.371386718750017, 43.973828125 ], [ 15.437207031250011, 43.899511718750006 ], [ 15.37421875, 43.914794921875 ], [ 15.270019531250002, 44.010742187500007 ], [ 15.371386718750017, 43.973828125 ] ] ], [ [ [ 14.452539062500017, 44.869189453124996 ], [ 14.480371093750021, 44.621240234375009 ], [ 14.419531250000011, 44.6703125 ], [ 14.312402343750025, 44.900390625 ], [ 14.340039062500011, 45.019970703125004 ], [ 14.285839843750006, 45.144628906249999 ], [ 14.33125, 45.164990234374997 ], [ 14.358203125000014, 45.167431640625004 ], [ 14.39375, 45.03125 ], [ 14.467382812500002, 44.970214843750007 ], [ 14.452539062500017, 44.869189453124996 ] ] ], [ [ [ 17.607812500000019, 42.76904296875 ], [ 17.744238281250009, 42.700341796874994 ], [ 17.344140625000016, 42.790380859375006 ], [ 17.431933593750021, 42.80039062500002 ], [ 17.607812500000019, 42.76904296875 ] ] ], [ [ [ 18.436328125000014, 42.559716796874987 ], [ 18.517480468750023, 42.432910156249996 ], [ 17.823828125, 42.797412109375003 ], [ 17.5849609375, 42.837158203125007 ], [ 17.25820312500003, 42.968457031249997 ], [ 17.045410156249996, 43.014892578125 ], [ 17.219824218749995, 43.025878906250007 ], [ 17.723632812499996, 42.850683593749991 ], [ 17.667578125, 42.897119140625001 ], [ 17.801953125, 42.902246093750001 ], [ 17.841308593749996, 42.845068359374999 ], [ 18.123925781250026, 42.690576171874994 ], [ 18.436328125000014, 42.559716796874987 ] ] ] ] } },
{ "type": "Feature", "properties": { "name": "Cyprus", "iso_a2": "CY" }, "geometry": { "type": "Polygon", "coordinates": [ [ [ 32.712695312500017, 35.171044921875009 ], [ 32.784082031250023, 35.115771484374996 ], [ 32.919531250000013, 35.08784179687499 ], [ 33.191015625000013, 35.173144531249996 ], [ 33.383789062500007, 35.162695312499999 ], [ 33.455957031250016, 35.101416015624999 ], [ 33.475781250000011, 35.000341796874999 ], [ 33.525683593750017, 35.038671875 ], [ 33.675390625, 35.017871093749996 ], [ 33.866406250000011, 35.093603515624999 ], [ 34.004492187499999, 35.065234375 ], [ 34.050195312500001, 34.988378906250006 ], [ 33.699414062500011, 34.969873046874994 ], [ 33.414941406250009, 34.750878906250001 ], [ 33.115527343750024, 34.695556640625 ], [ 33.024902343749993, 34.636914062500011 ], [ 33.007910156249999, 34.569580078124993 ], [ 32.94179687500003, 34.575878906250004 ], [ 32.8671875, 34.6611328125 ], [ 32.69296875, 34.649365234374997 ], [ 32.449023437500017, 34.729443359374983 ], [ 32.3171875, 34.953320312499997 ], [ 32.300976562500004, 35.082958984374997 ], [ 32.390917968750017, 35.049804687499993 ], [ 32.55595703125001, 35.15576171875 ], [ 32.712695312500017, 35.171044921875009 ] ] ] } },
{ "type": "Feature", "properties": { "name": "Czechia", "iso_a2": "CZ" }, "geometry": { "type": "Polygon", "coordinates": [ [ [ 18.832226562500001, 49.510791015624996 ], [ 18.596484375000014, 49.491455078124986 ], [ 18.36484375, 49.33623046875001 ], [ 18.160937500000014, 49.257373046875003 ], [ 18.0859375, 49.065136718749997 ], [ 17.91328125, 48.998730468750004 ], [ 17.758496093750004, 48.888134765624997 ], [ 17.482617187500015, 48.82778320312498 ], [ 17.188476562500004, 48.8609375 ], [ 17.135644531250026, 48.841064453124993 ], [ 17.06328125000001, 48.78076171875 ], [ 16.953125, 48.598828125 ], [ 16.883691406250023, 48.703710937499999 ], [ 16.543554687500002, 48.796240234375013 ], [ 16.477929687500026, 48.800097656250003 ], [ 16.367285156250013, 48.738964843750004 ], [ 16.057226562500006, 48.754785156249987 ], [ 15.825195312500005, 48.864453125 ], [ 15.70078125, 48.860449218750013 ], [ 15.310937500000016, 48.974023437500001 ], [ 15.16171875, 48.946289062500007 ], [ 14.993457031250021, 49.001123046875001 ], [ 14.922558593750013, 48.771386718750001 ], [ 14.821875, 48.774023437500006 ], [ 14.785937500000014, 48.747363281249996 ], [ 14.706640625, 48.671923828124996 ], [ 14.691308593750019, 48.599218750000013 ], [ 14.488671875000025, 48.625537109375003 ], [ 14.36757812500003, 48.576220703124996 ], [ 14.189843750000017, 48.578564453124997 ], [ 14.049121093750014, 48.60249023437499 ], [ 13.988769531250005, 48.692431640624996 ], [ 13.814746093750017, 48.766943359374999 ], [ 13.547656250000012, 48.959667968749997 ], [ 13.440722656250015, 48.955566406249993 ], [ 13.288769531250006, 49.097460937500003 ], [ 13.140527343750028, 49.158349609375009 ], [ 12.916699218750008, 49.33046875 ], [ 12.813378906250025, 49.329345703125014 ], [ 12.681152343749998, 49.414501953124997 ], [ 12.390527343750017, 49.739648437499987 ], [ 12.512011718750017, 49.895800781249989 ], [ 12.207812500000021, 50.097509765624991 ], [ 12.08984375, 50.3017578125 ], [ 12.174804687499996, 50.288378906249996 ], [ 12.27734375, 50.181445312499996 ], [ 12.452636718750002, 50.34980468749999 ], [ 12.549023437500013, 50.393408203124991 ], [ 12.765429687500022, 50.430957031249996 ], [ 12.942675781250017, 50.406445312499997 ], [ 13.016406250000017, 50.490380859375009 ], [ 13.181152343750004, 50.510498046875007 ], [ 13.23769531250003, 50.576757812500013 ], [ 13.374609375, 50.621728515624987 ], [ 13.436132812500006, 50.601074218750007 ], [ 13.556738281250006, 50.704638671874989 ], [ 13.898535156250009, 50.761279296875003 ], [ 14.36904296875003, 50.898730468750003 ], [ 14.255859375, 51.001855468749987 ], [ 14.283203125, 51.029492187500004 ], [ 14.545703125000024, 50.993945312499982 ], [ 14.623828125000019, 50.91474609374999 ], [ 14.613574218750026, 50.855566406249999 ], [ 14.723339843750011, 50.814697265625007 ], [ 14.982910156250002, 50.886572265624991 ], [ 14.99375, 51.014355468749997 ], [ 15.258593750000017, 50.958544921874996 ], [ 15.277050781250011, 50.88300781249999 ], [ 15.354394531250028, 50.811767578124993 ], [ 15.730566406250011, 50.739697265624997 ], [ 15.948535156250024, 50.670263671874999 ], [ 16.007226562500019, 50.611621093749996 ], [ 16.282226562499989, 50.655615234374999 ], [ 16.359960937500002, 50.621386718749989 ], [ 16.419726562500021, 50.573632812500001 ], [ 16.379101562500004, 50.516894531249989 ], [ 16.210351562500023, 50.423730468750001 ], [ 16.334179687500015, 50.366894531250011 ], [ 16.63916015625, 50.102148437499991 ], [ 16.98964843750003, 50.236914062499999 ], [ 16.880078125000011, 50.427050781249989 ], [ 17.151953125, 50.378320312499987 ], [ 17.415234375000018, 50.254785156250001 ], [ 17.702246093750009, 50.307177734374996 ], [ 17.735449218749999, 50.230761718749982 ], [ 17.709277343750006, 50.193554687500011 ], [ 17.589355468750007, 50.157470703125014 ], [ 17.627050781250002, 50.11640625 ], [ 17.83125, 49.983300781250001 ], [ 17.983789062500019, 49.999072265624996 ], [ 18.028320312499996, 50.035253906249991 ], [ 18.305273437500002, 49.9140625 ], [ 18.348437500000014, 49.929833984374994 ], [ 18.562402343750023, 49.879345703124997 ], [ 18.594628906250019, 49.7578125 ], [ 18.806933593750021, 49.613720703124983 ], [ 18.832226562500001, 49.510791015624996 ] ] ] } },
{ "type": "Feature", "properties": { "name": "Denmark", "iso_a2": "DK" }, "geometry": { "type": "MultiPolygon", "coordinates": [ [ [ [ 12.524804687500028, 55.91845703125 ], [ 12.571191406250016, 55.684960937500001 ], [ 12.54521484375001, 55.655810546875003 ], [ 12.320605468750015, 55.587841796875004 ], [ 12.243457031250017, 55.537890625 ], [ 12.215039062500015, 55.466503906249997 ], [ 12.275390625, 55.414257812500004 ], [ 12.385156250000028, 55.385644531250001 ], [ 12.413085937499996, 55.286181640625003 ], [ 12.32246093750001, 55.237109375 ], [ 12.089941406250011, 55.188134765625001 ], [ 12.050390625, 54.815332031250009 ], [ 11.862304687499996, 54.772607421875001 ], [ 11.740917968750011, 54.915332031249996 ], [ 11.653808593750004, 55.186914062500009 ], [ 11.286328125, 55.204443359374999 ], [ 11.170703125000019, 55.328613281250007 ], [ 11.189746093750015, 55.465625 ], [ 11.128027343750004, 55.534765625 ], [ 11.120996093750023, 55.600732421874994 ], [ 11.0087890625, 55.644433593750001 ], [ 10.978906250000026, 55.721533203125013 ], [ 11.322265625, 55.752539062499999 ], [ 11.463671875000012, 55.879296875 ], [ 11.47470703125, 55.943457031249991 ], [ 11.627734375000019, 55.956884765625006 ], [ 11.6958984375, 55.907910156250004 ], [ 11.690917968749993, 55.729003906249993 ], [ 11.819726562500017, 55.69765625 ], [ 11.92207031250001, 55.828076171874997 ], [ 11.9345703125, 55.895898437499994 ], [ 11.86640625, 55.968164062500001 ], [ 12.218945312500011, 56.118652343750007 ], [ 12.5787109375, 56.0640625 ], [ 12.608398437500004, 56.03300781250001 ], [ 12.524804687500028, 55.91845703125 ] ] ], [ [ [ 9.739746093749995, 54.825537109374999 ], [ 9.615820312500004, 54.855419921875004 ], [ 9.254980468750006, 54.808007812500016 ], [ 8.902929687500007, 54.89692382812499 ], [ 8.670312500000026, 54.903417968749999 ], [ 8.63828125, 55.045556640625016 ], [ 8.572949218750013, 55.13427734375 ], [ 8.669824218750021, 55.155664062500001 ], [ 8.615917968750015, 55.418212890624993 ], [ 8.132128906250024, 55.599804687500004 ], [ 8.202343750000018, 55.982373046874997 ], [ 8.121484375000014, 56.139892578124993 ], [ 8.163964843750017, 56.60688476562499 ], [ 8.281445312500004, 56.61669921875 ], [ 8.552929687500011, 56.560302734375007 ], [ 8.671679687500021, 56.495654296875003 ], [ 8.718066406250014, 56.544287109375006 ], [ 8.736132812500019, 56.627441406249993 ], [ 8.888085937500016, 56.735058593749997 ], [ 9.067089843750015, 56.793847656250016 ], [ 9.196386718750009, 56.70166015625 ], [ 9.254882812500005, 57.01171875 ], [ 9.110449218750004, 57.043652343750004 ], [ 8.992773437500011, 57.016113281250014 ], [ 8.77197265625, 56.72529296874999 ], [ 8.468359375, 56.66455078125 ], [ 8.268261718750015, 56.754003906249999 ], [ 8.266308593750013, 56.815332031250001 ], [ 8.427050781250024, 56.984423828124996 ], [ 8.618554687500025, 57.11127929687499 ], [ 9.43359375, 57.174316406249993 ], [ 9.554296875000013, 57.232470703125003 ], [ 9.962304687500025, 57.580957031250001 ], [ 10.259082031250012, 57.617041015625006 ], [ 10.533300781250007, 57.735400390625003 ], [ 10.609960937500011, 57.736914062499977 ], [ 10.480957031250002, 57.648681640625 ], [ 10.444628906250012, 57.562207031249997 ], [ 10.537109375, 57.44853515625001 ], [ 10.52412109375001, 57.243212890624996 ], [ 10.29609375, 56.999121093749991 ], [ 10.282714843749996, 56.620507812500001 ], [ 10.490234375, 56.5205078125 ], [ 10.84589843750001, 56.521728515624993 ], [ 10.926171875000026, 56.443261718750001 ], [ 10.856445312500007, 56.295507812499999 ], [ 10.75341796875, 56.241992187499996 ], [ 10.538964843750028, 56.200341796874987 ], [ 10.426953125000011, 56.276171875 ], [ 10.31875, 56.212890625 ], [ 10.183007812500028, 55.865185546875018 ], [ 10.017382812500015, 55.876074218749999 ], [ 9.903710937500026, 55.842822265624996 ], [ 10.02363281250001, 55.761425781250004 ], [ 9.59111328125001, 55.493212890624996 ], [ 9.670996093750013, 55.266406249999989 ], [ 9.643261718750013, 55.204736328125016 ], [ 9.504785156250026, 55.116259765624989 ], [ 9.453710937500006, 55.039550781250007 ], [ 9.645410156250026, 55.022802734374999 ], [ 9.732324218750028, 54.968017578124993 ], [ 9.705273437500017, 54.928320312499999 ], [ 9.739746093749995, 54.825537109374999 ] ] ], [ [ [ 10.645117187500007, 55.60981445312499 ], [ 10.819238281250026, 55.321875 ], [ 10.785351562500013, 55.269775390625 ], [ 10.808398437500021, 55.203027343750001 ], [ 10.785253906250007, 55.133398437500013 ], [ 10.623828125000017, 55.052441406249997 ], [ 10.442773437500023, 55.048779296874997 ], [ 9.98876953125, 55.163183593750006 ], [ 9.858984375, 55.357226562499996 ], [ 9.860644531250022, 55.515478515624999 ], [ 10.286132812499996, 55.610839843749993 ], [ 10.505078125, 55.55805664062499 ], [ 10.645117187500007, 55.60981445312499 ] ] ], [ [ [ 11.258496093750017, 54.951806640625001 ], [ 11.538378906250022, 54.82958984375 ], [ 11.739550781250022, 54.80742187500001 ], [ 11.765917968750012, 54.679443359375 ], [ 11.457421875000028, 54.628857421874983 ], [ 11.035546875000019, 54.773095703125001 ], [ 11.05859375, 54.940576171875001 ], [ 11.258496093750017, 54.951806640625001 ] ] ], [ [ [ 10.734082031250015, 54.750732421875 ], [ 10.689746093750021, 54.74506835937499 ], [ 10.621679687500004, 54.851416015625006 ], [ 10.951074218750017, 55.156201171875004 ], [ 10.734082031250015, 54.750732421875 ] ] ], [ [ [ 12.549218750000023, 54.965771484374997 ], [ 12.35751953125, 54.961816406249994 ], [ 12.184472656250026, 54.892480468750001 ], [ 12.118847656250006, 54.914404296875006 ], [ 12.16171875, 54.974804687500004 ], [ 12.258789062499998, 55.021093750000013 ], [ 12.274023437500015, 55.064111328125001 ], [ 12.46953125000001, 55.017480468750001 ], [ 12.549218750000023, 54.965771484374997 ] ] ], [ [ [ 12.665722656250013, 55.596533203125006 ], [ 12.550878906250004, 55.55625 ], [ 12.520312500000015, 55.614599609375006 ], [ 12.620019531250016, 55.679345703125016 ], [ 12.665722656250013, 55.596533203125006 ] ] ], [ [ [ 10.504882812500005, 54.860546875 ], [ 10.340527343750004, 54.858935546874996 ], [ 10.199902343750013, 54.962744140625006 ], [ 10.504882812500005, 54.860546875 ] ] ], [ [ [ 10.061230468750017, 54.886376953125001 ], [ 9.95712890625, 54.872460937499994 ], [ 9.80625, 54.906005859374993 ], [ 9.771191406250011, 55.059912109374999 ], [ 9.998828125000019, 54.986474609375001 ], [ 10.061230468750017, 54.886376953125001 ] ] ], [ [ [ 10.60732421875003, 55.783056640625006 ], [ 10.526953125, 55.783789062500006 ], [ 10.54433593750003, 55.906591796875006 ], [ 10.516113281250005, 55.958544921875003 ], [ 10.547167968750019, 55.991943359375 ], [ 10.661718750000011, 55.877587890624987 ], [ 10.60732421875003, 55.783056640625006 ] ] ], [ [ [ 11.174511718750004, 57.322900390625016 ], [ 11.011425781250015, 57.229101562499999 ], [ 10.873828125000014, 57.262255859375003 ], [ 10.934570312499998, 57.30859375 ], [ 11.174511718750004, 57.322900390625016 ] ] ], [ [ [ 15.08769531250001, 55.021875 ], [ 14.885546875000019, 55.032958984374993 ], [ 14.684179687500006, 55.102246093749997 ], [ 14.71367187500001, 55.238037109375 ], [ 14.76533203125001, 55.296728515624999 ], [ 15.132617187500017, 55.14453125 ], [ 15.137109375000017, 55.087158203125007 ], [ 15.08769531250001, 55.021875 ] ] ] ] } },
{ "type": "Feature", "properties": { "name": "Estonia", "iso_a2": "EE" }, "geometry": { "type": "MultiPolygon", "coordinates": [ [ [ [ 27.351953125000012, 57.528125 ], [ 27.187109375000013, 57.538330078125 ], [ 26.966015625000015, 57.609130859374986 ], [ 26.53261718750003, 57.531005859374986 ], [ 26.462109375, 57.544482421875003 ], [ 26.298046875, 57.601074218750007 ], [ 25.991113281250019, 57.838183593749989 ], [ 25.79375, 57.868554687500009 ], [ 25.282617187500019, 58.048486328124994 ], [ 25.258300781250004, 57.996142578125017 ], [ 25.111035156250001, 58.063427734375018 ], [ 24.322558593750021, 57.870605468750007 ], [ 24.463867187499993, 58.10595703125 ], [ 24.4875, 58.261621093749994 ], [ 24.549707031250023, 58.304589843749987 ], [ 24.52910156250001, 58.354248046875 ], [ 24.336914062499989, 58.381396484374996 ], [ 24.23564453125001, 58.289550781250007 ], [ 24.11484375000002, 58.26611328125 ], [ 23.767578125, 58.360839843750007 ], [ 23.7060546875, 58.433007812500009 ], [ 23.691503906249999, 58.505615234375014 ], [ 23.562792968750024, 58.57583007812498 ], [ 23.509277343749989, 58.658544921875006 ], [ 23.530664062500023, 58.716259765624983 ], [ 23.680761718750006, 58.78715820312501 ], [ 23.503613281250011, 58.78984375 ], [ 23.43203125000003, 58.920654296875 ], [ 23.515039062500019, 58.99921875 ], [ 23.4677734375, 59.032177734374997 ], [ 23.516992187500026, 59.107568359374994 ], [ 23.494433593750014, 59.195654296875006 ], [ 23.782519531250017, 59.275146484375014 ], [ 24.083398437500019, 59.291894531249994 ], [ 24.053613281250019, 59.372314453125 ], [ 24.175390625, 59.375927734374997 ], [ 24.38037109375, 59.47265625 ], [ 24.58359375, 59.455664062499991 ], [ 24.877539062500006, 59.522070312499999 ], [ 25.44375, 59.521142578124994 ], [ 25.520898437500026, 59.559472656250016 ], [ 25.509277343750007, 59.639013671874999 ], [ 26.625, 59.553906249999983 ], [ 26.974707031250006, 59.450634765625011 ], [ 27.892578125, 59.414208984375009 ], [ 28.0125, 59.484277343749994 ], [ 28.151074218750022, 59.37441406249998 ], [ 27.89765625, 59.27763671875001 ], [ 27.75761718750001, 59.052001953125007 ], [ 27.513085937500009, 58.886279296875003 ], [ 27.434179687500006, 58.787255859374987 ], [ 27.427050781250028, 58.733056640624994 ], [ 27.531347656250013, 58.435253906249997 ], [ 27.487792968750004, 58.27006835937501 ], [ 27.502441406249986, 58.221337890625001 ], [ 27.6734375, 57.93461914062501 ], [ 27.778515625000015, 57.870703125 ], [ 27.752832031250012, 57.841015625 ], [ 27.542089843750002, 57.799414062500006 ], [ 27.49199218750001, 57.724951171875006 ], [ 27.4, 57.666796875 ], [ 27.351953125000012, 57.528125 ] ] ], [ [ [ 22.617382812500011, 58.621240234374994 ], [ 22.688378906250023, 58.597021484374991 ], [ 22.820117187500006, 58.621533203125004 ], [ 22.964257812500019, 58.605712890625 ], [ 23.323242187499996, 58.450830078124994 ], [ 23.127148437500011, 58.435986328125011 ], [ 22.730273437500031, 58.230664062500004 ], [ 22.371679687500009, 58.217138671874999 ], [ 22.269335937500006, 58.160742187499999 ], [ 22.227343750000017, 58.051806640625017 ], [ 22.152441406250006, 57.966796875 ], [ 21.996875, 57.931347656249997 ], [ 21.985546875000011, 57.995166015624996 ], [ 22.187695312500015, 58.15434570312501 ], [ 21.882128906250024, 58.262353515624994 ], [ 21.8544921875, 58.301660156250001 ], [ 21.924414062500016, 58.31586914062499 ], [ 21.984082031250008, 58.386669921874997 ], [ 21.862304687499993, 58.497167968750006 ], [ 22.001855468750023, 58.510253906250021 ], [ 22.081347656250021, 58.478125 ], [ 22.168554687500009, 58.515820312500004 ], [ 22.266601562500004, 58.507958984375009 ], [ 22.328125, 58.580859375 ], [ 22.617382812500011, 58.621240234374994 ] ] ], [ [ [ 22.923730468750023, 58.826904296875 ], [ 22.841699218750026, 58.777441406249991 ], [ 22.767285156250018, 58.820898437500013 ], [ 22.661425781250017, 58.709179687499997 ], [ 22.542187500000018, 58.68999023437501 ], [ 22.47265625, 58.712060546874994 ], [ 22.478906250000023, 58.753808593749994 ], [ 22.411035156250026, 58.863378906249999 ], [ 22.161914062500017, 58.898486328125024 ], [ 22.05625, 58.943603515625007 ], [ 22.462597656250008, 58.974316406249997 ], [ 22.587207031250017, 59.08120117187498 ], [ 22.649414062499993, 59.087109375 ], [ 22.702246093749999, 59.074414062499997 ], [ 22.725488281250019, 59.015087890624997 ], [ 22.909863281250015, 58.9912109375 ], [ 22.981640625000015, 58.919824218749994 ], [ 23.008691406250019, 58.833935546875011 ], [ 22.923730468750023, 58.826904296875 ] ] ], [ [ [ 23.343554687500017, 58.550341796875024 ], [ 23.260351562499995, 58.539990234374997 ], [ 23.063476562500007, 58.611083984374993 ], [ 23.165429687500019, 58.678125 ], [ 23.332812500000014, 58.648583984374994 ], [ 23.343554687500017, 58.550341796875024 ] ] ] ] } },
{ "type": "Feature", "properties": { "name": "Finland", "iso_a2": "FI" }, "geometry": { "type": "MultiPolygon", "coordinates": [ [ [ [ 24.15546875, 65.805273437499991 ], [ 24.049023437500018, 65.98984375000002 ], [ 23.907324218750006, 66.148242187500003 ], [ 23.75146484375, 66.191162109375 ], [ 23.700292968750002, 66.252636718749983 ], [ 23.673828125, 66.380712890625006 ], [ 23.701171875, 66.480761718750003 ], [ 23.865527343750021, 66.576611328124997 ], [ 23.894140625, 66.706884765624991 ], [ 23.988574218750003, 66.810546875000014 ], [ 23.941796875, 66.877832031249994 ], [ 23.67734375, 67.068115234375 ], [ 23.641503906250016, 67.12939453125 ], [ 23.626074218750013, 67.233935546875003 ], [ 23.774902343749996, 67.328613281250014 ], [ 23.733593750000015, 67.422900390625003 ], [ 23.454882812500017, 67.460253906250031 ], [ 23.541308593750031, 67.614306640625017 ], [ 23.500195312500004, 67.696191406249994 ], [ 23.501855468750023, 67.875195312500011 ], [ 23.638867187500001, 67.954394531250017 ], [ 23.47421875, 68.017333984375014 ], [ 23.318554687500018, 68.130322265625011 ], [ 23.182519531250023, 68.136621093749994 ], [ 23.097851562500008, 68.257568359375 ], [ 22.854101562499991, 68.367333984374994 ], [ 21.997460937500023, 68.52060546875002 ], [ 20.918554687499984, 68.906933593749997 ], [ 20.895117187500002, 68.979833984375006 ], [ 20.622167968750002, 69.036865234375 ], [ 20.675878906250002, 69.069482421875009 ], [ 21.065722656250017, 69.041748046874986 ], [ 21.127832031250016, 69.080810546875 ], [ 21.052636718750041, 69.186572265625003 ], [ 21.066113281250011, 69.214111328125 ], [ 21.266796875000022, 69.273681640625 ], [ 21.59375, 69.273583984374994 ], [ 22.300390625, 68.85585937499998 ], [ 22.4109375, 68.719873046874994 ], [ 23.07167968750003, 68.674365234375003 ], [ 23.144335937500006, 68.642578125 ], [ 23.324023437500014, 68.648974609375017 ], [ 23.70703125, 68.7138671875 ], [ 23.854003906249993, 68.805908203125014 ], [ 23.997363281250021, 68.798437500000034 ], [ 24.94140625, 68.593261718749986 ], [ 25.086914062499996, 68.639599609374997 ], [ 25.24912109375002, 68.821337890625017 ], [ 25.575292968750013, 68.887158203124997 ], [ 25.748339843750014, 68.990136718749994 ], [ 25.7671875, 69.282666015624997 ], [ 25.850195312500009, 69.366503906249989 ], [ 26.011523437500014, 69.652636718749989 ], [ 26.525390625, 69.915039062499986 ], [ 26.740234375000011, 69.933056640625011 ], [ 27.127539062500006, 69.906494140625 ], [ 27.59169921875003, 70.042236328125 ], [ 27.889941406250014, 70.061669921874994 ], [ 28.41171875, 69.822753906249986 ], [ 29.141601562499975, 69.671435546875003 ], [ 29.333398437500026, 69.47299804687502 ], [ 28.84628906250002, 69.176904296874994 ], [ 28.832617187499995, 69.118994140624991 ], [ 28.965820312499989, 69.02197265625 ], [ 28.414062499999989, 68.904150390625006 ], [ 28.453515625000037, 68.872265625 ], [ 28.744824218750011, 68.856445312499986 ], [ 28.77763671875001, 68.813818359374991 ], [ 28.479296875000024, 68.537646484375017 ], [ 28.470703125, 68.488378906250006 ], [ 28.68515625, 68.189794921874991 ], [ 29.343847656249995, 68.06186523437502 ], [ 29.988085937500006, 67.668261718750003 ], [ 29.941210937500021, 67.547460937500006 ], [ 29.243359375000018, 67.096582031250009 ], [ 29.087011718750002, 66.970947265625 ], [ 29.066210937500017, 66.89174804687498 ], [ 29.464355468749989, 66.532177734374997 ], [ 29.670898437499986, 66.276123046875 ], [ 29.903417968749988, 66.091064453125 ], [ 30.0875, 65.786523437500009 ], [ 30.095312499999988, 65.681689453125017 ], [ 29.715917968750002, 65.624560546875017 ], [ 29.819433593750006, 65.56875 ], [ 29.728027343749986, 65.4734375 ], [ 29.71484375, 65.336962890624989 ], [ 29.608007812499999, 65.24868164062498 ], [ 29.810546875, 65.204736328124994 ], [ 29.826953125000017, 65.145068359375003 ], [ 29.810839843750014, 65.107910156249986 ], [ 29.622460937500009, 65.039501953124997 ], [ 29.604199218750004, 64.968408203124994 ], [ 29.701660156250011, 64.845751953125017 ], [ 29.783203124999989, 64.80429687500002 ], [ 30.072851562500002, 64.765039062499966 ], [ 30.11025390625003, 64.732568359374994 ], [ 30.120117187499996, 64.644628906249991 ], [ 29.985546875000022, 64.557714843750006 ], [ 29.986621093750014, 64.524267578125006 ], [ 30.108105468750001, 64.366113281250009 ], [ 30.487890625000013, 64.236523437499997 ], [ 30.526074218750008, 64.077294921874994 ], [ 30.50390625, 64.020605468750006 ], [ 30.21025390625001, 63.803320312500006 ], [ 29.991503906250014, 63.73515625 ], [ 30.418554687500009, 63.504052734375001 ], [ 31.180859375000018, 63.20830078125001 ], [ 31.509277343749996, 62.955322265625007 ], [ 31.53398437500001, 62.885400390625009 ], [ 31.18671875, 62.481396484374997 ], [ 30.565625, 62.127587890624994 ], [ 29.251660156250022, 61.287792968749997 ], [ 28.407421875000018, 60.896923828125018 ], [ 27.797656250000014, 60.536132812500007 ], [ 27.462402343749996, 60.464843750000014 ], [ 27.205273437500008, 60.543457031250014 ], [ 26.951171875, 60.471484375 ], [ 26.534667968749996, 60.41289062500001 ], [ 26.519726562500015, 60.471582031249994 ], [ 26.6064453125, 60.6279296875 ], [ 26.569335937500004, 60.624560546875003 ], [ 26.45644531250003, 60.466796875 ], [ 26.377734375000021, 60.424072265625007 ], [ 26.2046875, 60.406591796874999 ], [ 26.036035156250033, 60.47490234375001 ], [ 25.95595703125003, 60.474218749999984 ], [ 26.035839843750015, 60.341503906250004 ], [ 25.945898437499999, 60.346777343749999 ], [ 25.758007812500011, 60.267529296875004 ], [ 25.715429687500006, 60.267431640624984 ], [ 25.656445312500022, 60.333203125 ], [ 25.455761718750011, 60.261230468750007 ], [ 25.267871093750028, 60.248339843750003 ], [ 25.155859375, 60.194091796875014 ], [ 24.600488281250023, 60.1142578125 ], [ 24.445605468750021, 60.02128906250001 ], [ 24.342578125000021, 60.042333984374999 ], [ 23.721777343750009, 59.96567382812502 ], [ 23.463574218750001, 59.986230468749994 ], [ 23.181445312500028, 59.844921875 ], [ 22.963867187499989, 59.826367187499997 ], [ 23.1884765625, 59.972216796875003 ], [ 23.198437500000011, 60.021826171874999 ], [ 23.080175781250009, 60.047265625 ], [ 22.994140625, 60.098535156250001 ], [ 22.91171875, 60.209716796875014 ], [ 22.867089843750023, 60.2158203125 ], [ 22.793457031249996, 60.07680664062498 ], [ 22.646191406250015, 60.028027343750018 ], [ 22.462695312500003, 60.029199218749994 ], [ 22.438574218750002, 60.090283203124997 ], [ 22.471093750000033, 60.146972656250014 ], [ 22.442675781250017, 60.156884765625001 ], [ 22.469726562499993, 60.201318359375001 ], [ 22.589941406250002, 60.228369140624999 ], [ 22.587988281250002, 60.25566406250001 ], [ 22.512304687500009, 60.281347656250006 ], [ 22.584960937499993, 60.380566406249997 ], [ 22.257910156250013, 60.40092773437501 ], [ 21.854296875000021, 60.505419921875017 ], [ 21.805273437500013, 60.594140625 ], [ 21.61328125, 60.530957031249997 ], [ 21.436035156249996, 60.596386718749997 ], [ 21.360546875000011, 60.967480468750004 ], [ 21.377734375000028, 61.059228515624994 ], [ 21.479101562500013, 61.170507812500013 ], [ 21.513476562500017, 61.281201171874997 ], [ 21.506640625, 61.484326171874997 ], [ 21.565039062500002, 61.484326171875011 ], [ 21.498242187500008, 61.551953125000011 ], [ 21.605957031250007, 61.591552734375 ], [ 21.384863281250006, 61.914941406249994 ], [ 21.255957031250009, 61.989648437500009 ], [ 21.353710937500001, 62.223828125 ], [ 21.343359375, 62.27739257812501 ], [ 21.3234375, 62.342578125000017 ], [ 21.165625, 62.4140625 ], [ 21.10361328125002, 62.622949218749994 ], [ 21.143847656250006, 62.739990234375 ], [ 21.457519531249989, 62.95 ], [ 21.473535156250023, 63.033251953125003 ], [ 21.650976562500013, 63.039306640625 ], [ 21.568652343750021, 63.113720703125004 ], [ 21.545117187500011, 63.204296875000011 ], [ 21.800390625, 63.237695312499987 ], [ 21.895703125, 63.210253906250017 ], [ 22.319726562500016, 63.310449218750016 ], [ 22.243261718750006, 63.437939453125018 ], [ 22.345996093750028, 63.442382812500007 ], [ 22.318652343750021, 63.50439453125 ], [ 22.398046875, 63.491162109375011 ], [ 22.527636718750006, 63.579980468749994 ], [ 22.532324218750002, 63.647851562500001 ], [ 22.75625, 63.683349609375007 ], [ 23.49394531250001, 64.034472656250017 ], [ 23.598925781250021, 64.040917968749994 ], [ 23.652929687500006, 64.134179687499994 ], [ 23.924804687499993, 64.274121093749997 ], [ 24.022265625000021, 64.385986328125 ], [ 24.278320312499996, 64.515283203124994 ], [ 24.530175781250016, 64.738671875 ], [ 24.557910156250014, 64.801025390625 ], [ 24.9421875, 64.884033203125 ], [ 25.288183593750002, 64.8603515625 ], [ 25.280761718749996, 64.91640625 ], [ 25.228027343749993, 64.951025390624991 ], [ 25.37265625, 65.009472656249997 ], [ 25.340234375000016, 65.0986328125 ], [ 25.255859375, 65.143261718749997 ], [ 25.347851562500008, 65.479248046874986 ], [ 25.241796875, 65.546289062499994 ], [ 24.839355468750004, 65.660351562499997 ], [ 24.674902343750016, 65.670703125000017 ], [ 24.581542968749986, 65.757128906250017 ], [ 24.628027343750002, 65.859179687500003 ], [ 24.404296875, 65.780468750000026 ], [ 24.15546875, 65.805273437499991 ] ] ], [ [ [ 21.994238281249999, 60.336669921875007 ], [ 21.921484375, 60.332275390625014 ], [ 21.818652343750017, 60.381835937499993 ], [ 21.805664062500007, 60.401220703125006 ], [ 21.845996093750014, 60.41245117187502 ], [ 21.827246093749999, 60.469921875 ], [ 21.906835937500002, 60.4384765625 ], [ 21.950292968750002, 60.401708984375013 ], [ 21.9078125, 60.393164062499999 ], [ 21.994238281249999, 60.336669921875007 ] ] ], [ [ [ 21.236328125, 63.277734375 ], [ 21.228515625000011, 63.222656250000014 ], [ 21.36601562500001, 63.261767578124996 ], [ 21.421972656250013, 63.245898437499989 ], [ 21.415625, 63.19736328125002 ], [ 21.3671875, 63.207226562500011 ], [ 21.253417968750007, 63.152001953124994 ], [ 21.149316406250012, 63.199462890625 ], [ 21.083886718750019, 63.277539062500011 ], [ 21.236328125, 63.277734375 ] ] ], [ [ [ 22.125878906250023, 60.35585937499998 ], [ 22.354980468750004, 60.35585937499998 ], [ 22.41552734375, 60.303369140624994 ], [ 22.312890625000026, 60.269970703124997 ], [ 22.305761718749995, 60.228564453125017 ], [ 22.360546875, 60.165576171874996 ], [ 22.25830078125, 60.165625 ], [ 22.188085937500009, 60.23676757812499 ], [ 22.0771484375, 60.286328125 ], [ 22.125878906250023, 60.35585937499998 ] ] ], [ [ [ 21.450878906250011, 60.529589843750017 ], [ 21.436914062500026, 60.483056640624987 ], [ 21.3, 60.47978515625001 ], [ 21.214550781250008, 60.603857421875013 ], [ 21.26806640625, 60.638281250000013 ], [ 21.450878906250011, 60.529589843750017 ] ] ], [ [ [ 21.833203125, 60.140527343749994 ], [ 21.733105468750011, 60.106152343750004 ], [ 21.695019531250004, 60.11435546875002 ], [ 21.704785156250008, 60.172314453124997 ], [ 21.764257812500013, 60.198828125 ], [ 21.864355468750016, 60.201806640625009 ], [ 21.833203125, 60.140527343749994 ] ] ], [ [ [ 21.628320312500012, 60.107812499999987 ], [ 21.540625, 60.097900390625007 ], [ 21.486035156250011, 60.126806640624999 ], [ 21.567968750000016, 60.172314453125011 ], [ 21.63408203125001, 60.168994140624996 ], [ 21.628320312500012, 60.107812499999987 ] ] ], [ [ [ 24.891796875000018, 65.026269531249994 ], [ 24.698925781250004, 64.957812500000031 ], [ 24.578613281249989, 64.978564453125003 ], [ 24.576562500000019, 65.042871093749994 ], [ 24.786035156250016, 65.08642578125 ], [ 24.997558593750011, 65.038720703124994 ], [ 24.891796875000018, 65.026269531249994 ] ] ] ] } },
{ "type": "Feature", "properties": { "name": "France", "iso_a2": "-99" }, "geometry": { "type": "MultiPolygon", "coordinates": [ [ [ [ 9.480371093750026, 42.805419921875 ], [ 9.454199218750004, 42.65859375 ], [ 9.526171875000017, 42.552636718749994 ], [ 9.550683593750021, 42.129736328124999 ], [ 9.400878906250005, 41.926220703125004 ], [ 9.374218750000015, 41.678808593750006 ], [ 9.186132812500009, 41.384912109374994 ], [ 8.895019531250005, 41.516162109375003 ], [ 8.807519531250019, 41.588378906249993 ], [ 8.886816406250009, 41.70068359375 ], [ 8.71796875000001, 41.761425781249997 ], [ 8.758691406250021, 41.870410156250003 ], [ 8.74042968750001, 41.925146484375006 ], [ 8.621875, 41.930712890624996 ], [ 8.615136718750026, 41.959130859374987 ], [ 8.702539062500026, 42.043115234374987 ], [ 8.700976562500019, 42.095605468749994 ], [ 8.587792968750017, 42.160839843749997 ], [ 8.566210937500019, 42.218798828124996 ], [ 8.675488281250013, 42.284033203125006 ], [ 8.625878906250026, 42.343408203125001 ], [ 8.565625, 42.357714843749989 ], [ 8.713085937500006, 42.549755859375004 ], [ 8.814843750000021, 42.607910156250007 ], [ 9.043652343750013, 42.66166992187501 ], [ 9.137890625000013, 42.732910156250007 ], [ 9.287695312500004, 42.694628906249996 ], [ 9.313378906250019, 42.713183593749996 ], [ 9.363183593750025, 43.017382812499989 ], [ 9.41523437500001, 43.021484375 ], [ 9.463281250000028, 42.981005859374989 ], [ 9.480371093750026, 42.805419921875 ] ] ], [ [ [ 7.615625, 47.59272460937499 ], [ 7.494921875000019, 47.547363281249993 ], [ 7.420019531250005, 47.455175781250006 ], [ 7.343164062500024, 47.433105468750007 ], [ 7.203125, 47.432714843750006 ], [ 7.136035156250017, 47.48984375 ], [ 6.968359375, 47.453222656249999 ], [ 6.900390625, 47.394238281249997 ], [ 7.000585937500008, 47.322509765625 ], [ 6.666894531250025, 47.026513671875009 ], [ 6.45625, 46.948339843750013 ], [ 6.41015625, 46.75541992187501 ], [ 6.160742187500002, 46.611035156250004 ], [ 6.06796875000001, 46.458544921875003 ], [ 6.060253906250012, 46.428173828124997 ], [ 6.123242187500012, 46.378613281250004 ], [ 6.09589843750001, 46.279394531249991 ], [ 5.970019531250018, 46.214697265624999 ], [ 5.971484375000015, 46.151220703124999 ], [ 6.00664062500002, 46.142333984375 ], [ 6.199414062500012, 46.193066406249983 ], [ 6.272949218750004, 46.252246093750003 ], [ 6.234667968750019, 46.332617187500013 ], [ 6.42890625000001, 46.430517578125006 ], [ 6.77607421875001, 46.406640625 ], [ 6.816796875000025, 46.275195312500003 ], [ 6.772070312500006, 46.165136718749999 ], [ 7.02109375, 45.92578125 ], [ 6.80449218750002, 45.814550781249999 ], [ 6.790917968750025, 45.740869140624994 ], [ 7.013671875, 45.500488281250007 ], [ 7.153417968750005, 45.400927734374996 ], [ 7.078320312500013, 45.239941406249997 ], [ 6.842285156249998, 45.135644531250001 ], [ 6.692285156250023, 45.144287109375 ], [ 6.627734375000017, 45.11796875 ], [ 6.634765625, 45.068164062499996 ], [ 6.69140625, 45.022607421875001 ], [ 6.738183593750025, 44.92138671875 ], [ 6.992675781249998, 44.827294921875001 ], [ 7.030664062500024, 44.716699218749994 ], [ 6.960351562500023, 44.677148437499994 ], [ 6.842968750000011, 44.510693359375004 ], [ 6.893847656250017, 44.428173828124997 ], [ 6.874804687500017, 44.392041015624997 ], [ 6.900195312500019, 44.335742187499989 ], [ 6.967285156250001, 44.280029296875 ], [ 7.318554687500015, 44.137988281249996 ], [ 7.637207031249999, 44.16484375 ], [ 7.677148437500026, 44.083154296874994 ], [ 7.48203125, 43.864892578124994 ], [ 7.493164062500002, 43.767138671874996 ], [ 7.395019531249998, 43.765332031250011 ], [ 7.37773437500002, 43.731738281250003 ], [ 7.181445312500019, 43.659130859374997 ], [ 6.864746093750001, 43.438330078124999 ], [ 6.716601562500016, 43.373583984374996 ], [ 6.657226562499999, 43.261669921874997 ], [ 6.570214843750024, 43.199072265625006 ], [ 6.115917968750011, 43.072363281249999 ], [ 6.030566406250016, 43.100976562499994 ], [ 5.809472656250024, 43.097900390625 ], [ 5.67158203125001, 43.177832031249991 ], [ 5.40654296875002, 43.228515625000014 ], [ 5.320214843750023, 43.344921875 ], [ 5.073144531250023, 43.366601562499994 ], [ 5.059765625000011, 43.44453125 ], [ 4.71210937500001, 43.373291015624993 ], [ 4.22421875, 43.479638671875001 ], [ 4.052636718750024, 43.593066406249989 ], [ 3.910839843750014, 43.563085937500006 ], [ 3.784765625, 43.461621093749997 ], [ 3.258886718750009, 43.193212890625006 ], [ 3.051757812500005, 42.915136718750006 ], [ 3.090917968750003, 42.590869140624996 ], [ 3.211425781249998, 42.43115234375 ], [ 2.891406250000017, 42.4560546875 ], [ 2.701855468750015, 42.408496093750003 ], [ 2.651660156250018, 42.340478515624987 ], [ 2.20039062500001, 42.420947265625003 ], [ 2.032714843750004, 42.353515625 ], [ 1.986523437500013, 42.358496093750006 ], [ 1.927929687500014, 42.426318359374996 ], [ 1.706054687499998, 42.503320312500009 ], [ 1.740234375, 42.556738281249999 ], [ 1.709863281250027, 42.604443359374997 ], [ 1.501367187500023, 42.642724609375001 ], [ 1.428320312500004, 42.595898437499997 ], [ 1.349414062500018, 42.690673828125007 ], [ 0.764453125000015, 42.838037109374987 ], [ 0.669824218750027, 42.835742187499996 ], [ 0.631640625000018, 42.689599609374994 ], [ 0.25546875, 42.692919921874996 ], [ 0.201367187500012, 42.719335937500006 ], [ -0.041162109374992, 42.689111328124987 ], [ -0.299316406250003, 42.825341796875001 ], [ -0.586425781250003, 42.798974609374994 ], [ -0.762646484374982, 42.939794921874999 ], [ -0.933837890624998, 42.94951171875001 ], [ -1.175439453124991, 43.021142578124994 ], [ -1.285449218749989, 43.059619140624996 ], [ -1.300048828124997, 43.100976562500001 ], [ -1.370507812499992, 43.03759765625 ], [ -1.460839843749993, 43.051757812500007 ], [ -1.48046875, 43.071142578125013 ], [ -1.422607421874998, 43.14912109374999 ], [ -1.410693359374989, 43.240087890624991 ], [ -1.712841796874979, 43.30703125 ], [ -1.792724609375001, 43.372558593750014 ], [ -1.794042968749976, 43.407324218749991 ], [ -1.631445312499981, 43.438037109374989 ], [ -1.484863281249996, 43.563769531249996 ], [ -1.34599609374999, 44.020214843749997 ], [ -1.245507812499985, 44.559863281250003 ], [ -1.170800781249993, 44.66181640624999 ], [ -1.076953125, 44.689843749999987 ], [ -1.152880859374991, 44.764013671875006 ], [ -1.245214843749979, 44.666699218749983 ], [ -1.189062499999972, 45.161474609374999 ], [ -1.081005859374979, 45.532421875 ], [ -0.826318359374998, 45.380664062499996 ], [ -0.766650390624991, 45.314355468750009 ], [ -0.691113281249983, 45.093457031249997 ], [ -0.548486328125, 45.000585937499999 ], [ -0.641113281250001, 45.090185546874984 ], [ -0.733105468749983, 45.384619140625006 ], [ -0.790771484374999, 45.468017578125007 ], [ -1.195996093749978, 45.714453125 ], [ -1.209960937499998, 45.770898437499994 ], [ -1.03173828125, 45.741064453124999 ], [ -1.104394531249993, 45.925341796874996 ], [ -1.146289062499992, 46.311376953124999 ], [ -1.392480468749996, 46.35009765625 ], [ -1.786523437499989, 46.51484375 ], [ -2.059375, 46.810302734375007 ], [ -2.090283203124975, 46.920507812499999 ], [ -2.018896484374977, 47.037646484374989 ], [ -2.081933593749993, 47.111621093749996 ], [ -2.197070312499988, 47.162939453125013 ], [ -2.108300781249992, 47.262939453125 ], [ -2.027587890625, 47.273583984375001 ], [ -1.742529296874981, 47.215966796874994 ], [ -1.975390624999989, 47.310693359374987 ], [ -2.353027343749995, 47.278759765625004 ], [ -2.503125, 47.312060546875003 ], [ -2.530029296875002, 47.381591796875 ], [ -2.427685546874986, 47.470898437500011 ], [ -2.554052734374978, 47.52705078124999 ], [ -2.770312499999979, 47.513867187499997 ], [ -2.796777343749996, 47.537255859374987 ], [ -2.733105468749986, 47.601806640625 ], [ -2.787207031249978, 47.62553710937501 ], [ -2.964062499999983, 47.60107421875 ], [ -3.064208984375, 47.621337890625 ], [ -3.158837890624993, 47.694677734375013 ], [ -3.443945312499975, 47.711035156249999 ], [ -3.5078125, 47.753125 ], [ -3.900927734374986, 47.837548828124994 ], [ -4.312109374999978, 47.822900390624987 ], [ -4.427978515624996, 47.968945312499997 ], [ -4.678808593749981, 48.039501953124997 ], [ -4.629199218749996, 48.085791015624999 ], [ -4.377832031249992, 48.128808593749994 ], [ -4.329443359374977, 48.169970703125003 ], [ -4.512207031249999, 48.229736328124993 ], [ -4.577148437500002, 48.2900390625 ], [ -4.241406249999984, 48.303662109375004 ], [ -4.39316406249998, 48.367626953124997 ], [ -4.719384765624991, 48.363134765624999 ], [ -4.7625, 48.450244140625003 ], [ -4.720751953124985, 48.539892578124999 ], [ -4.531201171874986, 48.619970703124999 ], [ -4.058886718749987, 48.707519531250007 ], [ -3.714794921874983, 48.710498046874996 ], [ -3.471484374999982, 48.812939453124997 ], [ -3.231445312500004, 48.840820312500007 ], [ -3.003222656249982, 48.790673828125001 ], [ -2.692333984374983, 48.53681640624999 ], [ -2.446191406249988, 48.648291015625006 ], [ -2.079443359374974, 48.645019531249993 ], [ -2.003710937499983, 48.582080078124996 ], [ -1.905712890624974, 48.697119140625006 ], [ -1.824707031249998, 48.630517578124987 ], [ -1.376464843750004, 48.652587890625 ], [ -1.48046875, 48.697607421875006 ], [ -1.565478515624988, 48.805517578124999 ], [ -1.583105468749979, 49.202392578125 ], [ -1.813427734374978, 49.490136718749987 ], [ -1.870068359374981, 49.595117187499987 ], [ -1.856445312499992, 49.683789062499997 ], [ -1.58823242187498, 49.667675781250004 ], [ -1.365722656249995, 49.707275390625007 ], [ -1.25864257812498, 49.680175781250014 ], [ -1.232275390624973, 49.494873046875007 ], [ -1.138525390624974, 49.387890625 ], [ -0.52089843749999, 49.354541015625003 ], [ -0.163476562499996, 49.296777343749994 ], [ 0.136132812500023, 49.401513671875001 ], [ 0.416894531250025, 49.448388671875001 ], [ 0.439257812500013, 49.47319335937501 ], [ 0.277636718750014, 49.46328125 ], [ 0.129394531250006, 49.508447265624994 ], [ 0.109375, 49.557519531249987 ], [ 0.186718750000013, 49.703027343749994 ], [ 0.6162109375, 49.862939453124994 ], [ 1.245507812500021, 49.998242187499997 ], [ 1.4072265625, 50.088525390625009 ], [ 1.592773437500006, 50.252197265625007 ], [ 1.551562500000016, 50.293945312500007 ], [ 1.579492187500026, 50.739257812499993 ], [ 1.672265625000033, 50.885009765625007 ], [ 1.9125, 50.990625 ], [ 2.524902343749998, 51.097119140624997 ], [ 2.601464843750022, 50.955273437499997 ], [ 2.596777343750005, 50.87592773437499 ], [ 2.759375, 50.750634765625001 ], [ 2.839746093750022, 50.711767578124991 ], [ 3.106835937500024, 50.779443359375009 ], [ 3.234960937500006, 50.662939453125006 ], [ 3.273339843750025, 50.531542968749989 ], [ 3.595410156250014, 50.47734375 ], [ 3.689355468750024, 50.306054687499994 ], [ 3.748046875, 50.343505859375014 ], [ 3.949707031249997, 50.3359375 ], [ 4.044140625000013, 50.321337890624996 ], [ 4.174609375000019, 50.246484374999987 ], [ 4.135253906250001, 50.143798828125007 ], [ 4.192187500000013, 50.094140625 ], [ 4.136816406250002, 50.0 ], [ 4.176074218750014, 49.960253906250003 ], [ 4.545019531250007, 49.960253906249996 ], [ 4.656152343750026, 50.00244140625 ], [ 4.706640625, 50.097070312500001 ], [ 4.818652343750021, 50.153173828124999 ], [ 4.860546875000012, 50.135888671874994 ], [ 4.7900390625, 49.959570312499991 ], [ 4.841503906250012, 49.91450195312499 ], [ 4.867578125000023, 49.788134765624996 ], [ 5.006933593750006, 49.77836914062501 ], [ 5.278808593750002, 49.677929687499997 ], [ 5.507324218749996, 49.510888671875001 ], [ 5.789746093750011, 49.53828125 ], [ 6.011425781250012, 49.445458984374994 ], [ 6.2421875, 49.49433593749999 ], [ 6.458105468750007, 49.44287109375 ], [ 6.534277343750008, 49.394677734375009 ], [ 6.735449218750007, 49.160595703125011 ], [ 6.891210937500006, 49.20751953125 ], [ 7.001464843750003, 49.179882812499997 ], [ 7.03671875, 49.112695312499994 ], [ 7.450585937500025, 49.152197265625006 ], [ 7.525488281250002, 49.086376953124997 ], [ 7.6109375, 49.061767578124993 ], [ 8.134863281250006, 48.973583984374997 ], [ 8.140332031250011, 48.88642578124999 ], [ 7.837988281250008, 48.636035156249982 ], [ 7.705664062500007, 48.280029296875 ], [ 7.616601562500025, 48.156787109374989 ], [ 7.584179687500014, 48.064306640624991 ], [ 7.608496093750006, 48.002587890624987 ], [ 7.593261718749999, 47.905664062499987 ], [ 7.529394531250009, 47.673876953124996 ], [ 7.565429687500003, 47.606542968749991 ], [ 7.615625, 47.59272460937499 ] ] ], [ [ [ -1.178320312499971, 45.904052734374993 ], [ -1.213574218749983, 45.816601562499997 ], [ -1.368701171874989, 45.967675781249994 ], [ -1.388671875, 46.050390625 ], [ -1.285058593749993, 46.002685546874986 ], [ -1.178320312499971, 45.904052734374993 ] ] ] ] } },
{ "type": "Feature", "properties": { "name": "Germany", "iso_a2": "DE" }, "geometry": { "type": "MultiPolygon", "coordinates": [ [ [ [ 9.524023437500009, 47.52421875 ], [ 9.18281250000001, 47.67070312500001 ], [ 8.881152343750022, 47.656396484375009 ], [ 8.831152343750009, 47.70361328125 ], [ 8.728320312500017, 47.700048828124999 ], [ 8.572656250000021, 47.775634765624993 ], [ 8.435742187500008, 47.731347656249987 ], [ 8.403417968750007, 47.687792968750003 ], [ 8.41328125, 47.662695312499999 ], [ 8.570507812500015, 47.637792968750006 ], [ 8.430078125000017, 47.592138671875013 ], [ 8.1982421875, 47.606933593750014 ], [ 7.927050781250018, 47.563867187499994 ], [ 7.698046875000019, 47.569873046875003 ], [ 7.565429687500003, 47.606542968749991 ], [ 7.529394531250009, 47.673876953124996 ], [ 7.538574218750001, 47.773632812499997 ], [ 7.593261718749999, 47.905664062499987 ], [ 7.608496093750006, 48.002587890624987 ], [ 7.584179687500014, 48.064306640624991 ], [ 7.616601562500025, 48.156787109374989 ], [ 7.705664062500007, 48.280029296875 ], [ 7.837988281250008, 48.636035156249982 ], [ 8.140332031250011, 48.88642578124999 ], [ 8.134863281250006, 48.973583984374997 ], [ 7.6109375, 49.061767578124993 ], [ 7.525488281250002, 49.086376953124997 ], [ 7.450585937500025, 49.152197265625006 ], [ 7.03671875, 49.112695312499994 ], [ 7.001464843750003, 49.179882812499997 ], [ 6.891210937500006, 49.20751953125 ], [ 6.735449218750007, 49.160595703125011 ], [ 6.534277343750008, 49.394677734375009 ], [ 6.458105468750007, 49.44287109375 ], [ 6.344335937500007, 49.452734375 ], [ 6.378320312500025, 49.599609375 ], [ 6.484765625000023, 49.7078125 ], [ 6.487304687500001, 49.798486328124987 ], [ 6.256054687500011, 49.872167968749991 ], [ 6.138183593749997, 49.974316406249997 ], [ 6.108300781250025, 50.094238281250007 ], [ 6.175097656250017, 50.232666015625 ], [ 6.36445312500001, 50.316162109375 ], [ 6.340917968750001, 50.451757812499991 ], [ 6.178710937500004, 50.52250976562501 ], [ 6.168457031249999, 50.545361328124997 ], [ 6.2359375, 50.596679687500007 ], [ 5.993945312500016, 50.750439453125004 ], [ 6.0484375, 50.904882812499991 ], [ 5.857519531250007, 51.030126953124991 ], [ 5.939257812500021, 51.040820312500003 ], [ 6.129980468750003, 51.14741210937499 ], [ 6.08242187500002, 51.179980468749996 ], [ 6.075878906250008, 51.224121093749993 ], [ 6.198828125, 51.45 ], [ 6.089355468749999, 51.637792968749999 ], [ 5.948535156250019, 51.762402343749997 ], [ 5.948730468750003, 51.802685546874997 ], [ 6.166503906250004, 51.880761718750001 ], [ 6.355664062500009, 51.824658203125004 ], [ 6.741796875, 51.910888671875007 ], [ 6.802441406250015, 51.980175781249997 ], [ 6.715625, 52.036181640625003 ], [ 6.724511718750025, 52.080224609375009 ], [ 6.97724609375001, 52.205517578124997 ], [ 7.019628906250007, 52.266015625 ], [ 7.03515625, 52.380224609374999 ], [ 7.001855468750027, 52.418994140624989 ], [ 6.748828125000014, 52.464013671875001 ], [ 6.691601562500009, 52.530175781250001 ], [ 6.710742187500015, 52.617871093749997 ], [ 6.748437500000025, 52.634082031249989 ], [ 7.013183593750002, 52.633544921875 ], [ 7.117089843750019, 52.887011718750003 ], [ 7.179492187500017, 52.966210937500001 ], [ 7.197265625, 53.282275390624996 ], [ 7.053320312500009, 53.375830078124999 ], [ 7.107128906250014, 53.556982421874999 ], [ 7.206445312500022, 53.654541015625 ], [ 7.629199218750021, 53.697265625 ], [ 8.009277343749998, 53.69072265625001 ], [ 8.167089843750011, 53.54340820312499 ], [ 8.108496093750007, 53.467675781250016 ], [ 8.245214843750006, 53.4453125 ], [ 8.333886718750023, 53.606201171875007 ], [ 8.492675781249998, 53.514355468750004 ], [ 8.495214843750011, 53.394238281250011 ], [ 8.538476562500023, 53.556884765625014 ], [ 8.50625, 53.670751953125006 ], [ 8.528417968750011, 53.781103515624999 ], [ 8.618945312500017, 53.875 ], [ 8.897753906250012, 53.835693359375007 ], [ 9.205566406249996, 53.85595703125 ], [ 9.321972656250008, 53.813476562500007 ], [ 9.585351562500021, 53.600488281250001 ], [ 9.783984375000022, 53.554638671874997 ], [ 9.63125, 53.600195312499999 ], [ 9.312011718750004, 53.859130859374993 ], [ 8.978125, 53.926220703125004 ], [ 8.903515625000017, 54.000292968750003 ], [ 8.906640625000021, 54.260791015624989 ], [ 8.780371093750009, 54.31303710937501 ], [ 8.644921875000026, 54.294970703124996 ], [ 8.625781250000015, 54.353955078125004 ], [ 8.648046875, 54.39765625 ], [ 8.951855468750011, 54.467578125 ], [ 8.957226562500013, 54.538330078125 ], [ 8.682324218750013, 54.791845703124999 ], [ 8.670312500000026, 54.903417968749999 ], [ 8.902929687500007, 54.89692382812499 ], [ 9.254980468750006, 54.808007812500016 ], [ 9.615820312500004, 54.855419921875004 ], [ 9.892285156250008, 54.780615234374991 ], [ 10.022167968750004, 54.673925781250006 ], [ 10.028808593749996, 54.581298828125007 ], [ 9.868652343749995, 54.47246093750001 ], [ 10.143457031250019, 54.488427734375001 ], [ 10.212402343750004, 54.408935546875007 ], [ 10.360449218749999, 54.438330078125006 ], [ 10.731542968750007, 54.316259765625006 ], [ 11.013378906250011, 54.379150390625 ], [ 11.064355468750023, 54.280517578125 ], [ 11.008593750000017, 54.181152343749993 ], [ 10.810742187500008, 54.075146484375004 ], [ 10.854589843750002, 54.009814453125003 ], [ 10.917773437500024, 53.9953125 ], [ 11.104296875000014, 54.009179687500001 ], [ 11.399609375000017, 53.944628906249996 ], [ 11.79628906250003, 54.14545898437499 ], [ 12.111328125, 54.168310546875006 ], [ 12.575390625000018, 54.467382812499999 ], [ 13.028613281250017, 54.411035156250001 ], [ 13.147460937499996, 54.282714843750014 ], [ 13.448046875000014, 54.140869140625014 ], [ 13.72421875, 54.153222656250001 ], [ 13.822265625, 54.019042968749993 ], [ 13.865527343750019, 53.853369140624991 ], [ 14.025, 53.767431640624999 ], [ 14.25888671875, 53.729638671875016 ], [ 14.414550781250007, 53.283496093749989 ], [ 14.410937500000024, 53.19902343750001 ], [ 14.368554687500032, 53.105566406249999 ], [ 14.138867187500018, 52.932861328125 ], [ 14.128613281250011, 52.878222656249989 ], [ 14.514062500000025, 52.645605468749999 ], [ 14.61943359375001, 52.528515625000011 ], [ 14.554589843750017, 52.359667968749996 ], [ 14.615625, 52.277636718750003 ], [ 14.679882812500008, 52.25 ], [ 14.70458984375, 52.110205078124991 ], [ 14.752539062500006, 52.081835937499996 ], [ 14.674902343750009, 51.904833984375003 ], [ 14.601660156250009, 51.832373046874999 ], [ 14.724902343750015, 51.66171875 ], [ 14.724707031250006, 51.523876953124997 ], [ 14.935546874999989, 51.435351562499996 ], [ 15.016601562499996, 51.25273437500001 ], [ 14.963867187499998, 51.095117187500001 ], [ 14.766503906250028, 50.818310546874997 ], [ 14.613574218750026, 50.855566406249999 ], [ 14.623828125000019, 50.91474609374999 ], [ 14.545703125000024, 50.993945312499982 ], [ 14.319726562500021, 51.037792968750004 ], [ 14.255859375, 51.001855468749987 ], [ 14.36904296875003, 50.898730468750003 ], [ 13.898535156250009, 50.761279296875003 ], [ 13.556738281250006, 50.704638671874989 ], [ 13.436132812500006, 50.601074218750007 ], [ 13.374609375, 50.621728515624987 ], [ 13.23769531250003, 50.576757812500013 ], [ 13.181152343750004, 50.510498046875007 ], [ 13.016406250000017, 50.490380859375009 ], [ 12.942675781250017, 50.406445312499997 ], [ 12.765429687500022, 50.430957031249996 ], [ 12.549023437500013, 50.393408203124991 ], [ 12.452636718750002, 50.34980468749999 ], [ 12.27734375, 50.181445312499996 ], [ 12.134863281250007, 50.310937499999987 ], [ 12.09921875, 50.310986328124997 ], [ 12.089746093750025, 50.2685546875 ], [ 12.207812500000021, 50.097509765624991 ], [ 12.512011718750017, 49.895800781249989 ], [ 12.390527343750017, 49.739648437499987 ], [ 12.632031250000015, 49.461230468749989 ], [ 12.813378906250025, 49.329345703125014 ], [ 12.916699218750008, 49.33046875 ], [ 13.140527343750028, 49.158349609375009 ], [ 13.288769531250006, 49.097460937500003 ], [ 13.401171875, 48.977587890624996 ], [ 13.547656250000012, 48.959667968749997 ], [ 13.769921875000016, 48.815966796874996 ], [ 13.814746093750017, 48.766943359374999 ], [ 13.785351562500004, 48.587451171875003 ], [ 13.675195312500028, 48.523046875 ], [ 13.486621093750017, 48.581835937499996 ], [ 13.374609375, 48.361376953124989 ], [ 12.897460937499995, 48.203710937500006 ], [ 12.760351562500009, 48.106982421874989 ], [ 12.760058593750012, 48.075976562499996 ], [ 12.953515625000028, 47.890625 ], [ 12.954199218750006, 47.807763671875009 ], [ 12.897656250000011, 47.721875 ], [ 13.033593750000023, 47.698730468750007 ], [ 13.054101562500025, 47.655126953124991 ], [ 13.01435546875001, 47.478076171875003 ], [ 12.809375, 47.5421875 ], [ 12.771386718750021, 47.639404296875007 ], [ 12.68583984375001, 47.669335937499994 ], [ 12.482910156250004, 47.637304687500006 ], [ 12.209277343750014, 47.71826171875 ], [ 12.185644531250006, 47.61953125 ], [ 11.716796875, 47.58349609375 ], [ 11.392968750000026, 47.487158203124999 ], [ 11.29794921875, 47.424902343750006 ], [ 11.0419921875, 47.393115234375003 ], [ 10.980859375000017, 47.398144531249997 ], [ 10.873046875, 47.520214843750004 ], [ 10.439453125, 47.5515625 ], [ 10.369140625, 47.366064453125006 ], [ 10.312792968750019, 47.313427734374997 ], [ 10.183007812500021, 47.278808593749993 ], [ 10.200292968750004, 47.363427734375009 ], [ 10.06630859375003, 47.393359374999982 ], [ 10.059863281250019, 47.449072265625006 ], [ 9.971582031250025, 47.505322265624997 ], [ 9.748925781250017, 47.575537109374991 ], [ 9.650585937500013, 47.52587890625 ], [ 9.524023437500009, 47.52421875 ] ] ], [ [ [ 13.709179687500011, 54.382714843750001 ], [ 13.734179687500019, 54.315429687499993 ], [ 13.707324218750012, 54.281152343750009 ], [ 13.594921875000015, 54.338183593749989 ], [ 13.48203125, 54.337402343750007 ], [ 13.414550781249995, 54.24956054687501 ], [ 13.364355468750006, 54.245849609375007 ], [ 13.162109375, 54.364550781249996 ], [ 13.176660156250019, 54.544238281250003 ], [ 13.231445312500005, 54.582763671875 ], [ 13.23994140625001, 54.638427734375 ], [ 13.336816406250021, 54.697119140625006 ], [ 13.422753906250019, 54.699316406250006 ], [ 13.491210937499996, 54.615380859375001 ], [ 13.657617187500025, 54.5595703125 ], [ 13.670703125000015, 54.535449218750003 ], [ 13.580468750000021, 54.463964843750013 ], [ 13.601855468750021, 54.425146484374999 ], [ 13.709179687500011, 54.382714843750001 ] ] ], [ [ [ 14.211425781250004, 53.950341796875009 ], [ 14.21367187500001, 53.870751953125001 ], [ 13.92578125, 53.879052734374994 ], [ 13.902148437500021, 53.93896484375 ], [ 13.921679687500014, 53.996630859375003 ], [ 13.827148437500004, 54.0595703125 ], [ 13.827734375, 54.127246093749982 ], [ 14.211425781250004, 53.950341796875009 ] ] ], [ [ [ 11.2828125, 54.41796875 ], [ 11.129296875000017, 54.416015625 ], [ 11.01171875, 54.466162109374999 ], [ 11.084960937500005, 54.533398437499997 ], [ 11.233593750000017, 54.501269531249996 ], [ 11.2828125, 54.41796875 ] ] ], [ [ [ 8.347363281250017, 54.847607421875004 ], [ 8.284667968749996, 54.76708984375 ], [ 8.295703125000021, 54.908300781249999 ], [ 8.405175781250028, 55.058740234374987 ], [ 8.451464843750012, 55.055371093749997 ], [ 8.390429687500021, 54.986279296875004 ], [ 8.379882812500005, 54.899853515625004 ], [ 8.629589843750015, 54.891748046875001 ], [ 8.600585937500004, 54.865380859375009 ], [ 8.347363281250017, 54.847607421875004 ] ] ], [ [ [ 8.587890625, 54.712695312499996 ], [ 8.548925781250007, 54.688183593749997 ], [ 8.400390625, 54.714111328125 ], [ 8.509960937500011, 54.760302734375003 ], [ 8.573437500000018, 54.748730468750004 ], [ 8.587890625, 54.712695312499996 ] ] ] ] } },
{ "type": "Feature", "properties": { "name": "Greece", "iso_a2": "GR" }, "geometry": { "type": "MultiPolygon", "coordinates": [ [ [ [ 27.8625, 36.641162109375003 ], [ 27.83828125, 36.537988281249994 ], [ 27.785742187500006, 36.607519531249999 ], [ 27.8625, 36.641162109375003 ] ] ], [ [ [ 20.612304687500004, 38.383349609374996 ], [ 20.624707031250008, 38.267871093749996 ], [ 20.695214843750023, 38.246191406249991 ], [ 20.788867187500017, 38.142089843750007 ], [ 20.761328125, 38.070556640625007 ], [ 20.606152343750008, 38.119726562499999 ], [ 20.523535156250006, 38.106640625 ], [ 20.4521484375, 38.234179687499996 ], [ 20.3525390625, 38.179882812499997 ], [ 20.40869140625, 38.336767578124991 ], [ 20.43505859375, 38.356201171875007 ], [ 20.481445312499993, 38.318212890625006 ], [ 20.519628906250002, 38.332324218750003 ], [ 20.563183593750015, 38.474951171875006 ], [ 20.612304687500004, 38.383349609374996 ] ] ], [ [ [ 20.888476562500024, 37.805371093749997 ], [ 20.993945312500014, 37.708007812500007 ], [ 20.909082031250023, 37.732128906250004 ], [ 20.818554687500015, 37.66474609374999 ], [ 20.703808593750011, 37.743457031249989 ], [ 20.619531250000019, 37.855029296874996 ], [ 20.691503906250006, 37.929541015625006 ], [ 20.758691406250023, 37.852978515624997 ], [ 20.888476562500024, 37.805371093749997 ] ] ], [ [ [ 20.71484375, 38.638330078124987 ], [ 20.5546875, 38.582568359375003 ], [ 20.592480468750011, 38.760156249999987 ], [ 20.694140625000017, 38.84423828125 ], [ 20.719628906250026, 38.799169921874991 ], [ 20.71484375, 38.638330078124987 ] ] ], [ [ [ 20.758691406250019, 38.329443359374999 ], [ 20.709277343750017, 38.318603515625 ], [ 20.623632812499999, 38.480322265624991 ], [ 20.701269531250009, 38.451416015625 ], [ 20.758691406250019, 38.329443359374999 ] ] ], [ [ [ 20.077929687500014, 39.432714843750013 ], [ 20.099609375, 39.376611328125001 ], [ 19.883984375000018, 39.461523437499999 ], [ 19.808886718750014, 39.585302734375006 ], [ 19.648925781249993, 39.726171875 ], [ 19.646484375, 39.76708984375 ], [ 19.838574218750011, 39.820117187499996 ], [ 19.926074218750021, 39.773730468749996 ], [ 19.936816406250014, 39.746728515624994 ], [ 19.846679687500004, 39.668115234375001 ], [ 19.904101562500017, 39.619482421875006 ], [ 19.955273437500015, 39.470410156250004 ], [ 20.077929687500014, 39.432714843750013 ] ] ], [ [ [ 23.41542968750003, 38.958642578124994 ], [ 23.471972656250021, 38.850097656250007 ], [ 23.525, 38.8134765625 ], [ 23.878222656250014, 38.68657226562501 ], [ 24.127539062500002, 38.648486328125003 ], [ 24.199707031249996, 38.541015625000014 ], [ 24.1875, 38.463427734375003 ], [ 24.275781250000026, 38.220019531249989 ], [ 24.35966796875001, 38.1625 ], [ 24.563281250000021, 38.147509765624996 ], [ 24.588378906249996, 38.12397460937499 ], [ 24.578515625000023, 38.020166015624987 ], [ 24.502343750000033, 37.969921875 ], [ 24.359472656250002, 38.018554687500007 ], [ 24.212011718750006, 38.117529296874991 ], [ 24.1890625, 38.204296875000018 ], [ 24.040136718750002, 38.389990234374999 ], [ 23.758789062500004, 38.401220703124999 ], [ 23.650781250000023, 38.443066406249997 ], [ 23.617382812500011, 38.552539062499996 ], [ 23.252148437500015, 38.801220703125004 ], [ 23.029101562500014, 38.873388671875006 ], [ 22.935742187500022, 38.839648437500003 ], [ 22.870312500000015, 38.870507812500009 ], [ 23.258203125000019, 39.031347656249999 ], [ 23.312695312500008, 39.034912109374993 ], [ 23.41542968750003, 38.958642578124994 ] ] ], [ [ [ 23.77978515625, 39.114404296874994 ], [ 23.73515625000001, 39.08056640625 ], [ 23.666113281250002, 39.095361328125001 ], [ 23.593945312500004, 39.208593750000013 ], [ 23.77978515625, 39.114404296874994 ] ] ], [ [ [ 23.887988281250024, 39.158300781249999 ], [ 23.841210937500023, 39.146582031249999 ], [ 23.888085937500026, 39.226367187500003 ], [ 23.970898437500004, 39.267724609375001 ], [ 23.887988281250024, 39.158300781249999 ] ] ], [ [ [ 24.674707031250016, 38.80922851562498 ], [ 24.541015625, 38.788671875 ], [ 24.56640625, 38.832373046874984 ], [ 24.461035156250006, 38.888623046875004 ], [ 24.485644531250021, 38.980273437499996 ], [ 24.5640625, 38.942236328124991 ], [ 24.58125, 38.878857421875004 ], [ 24.674707031250016, 38.80922851562498 ] ] ], [ [ [ 24.774218750000021, 40.61518554687499 ], [ 24.645898437500016, 40.579443359374999 ], [ 24.515527343750016, 40.647021484374996 ], [ 24.516699218750016, 40.68720703124999 ], [ 24.623339843750017, 40.792919921874997 ], [ 24.719140625000016, 40.786279296875001 ], [ 24.786328125, 40.703857421875 ], [ 24.774218750000021, 40.61518554687499 ] ] ], [ [ [ 23.550976562500008, 37.925878906250006 ], [ 23.466796875, 37.902392578125003 ], [ 23.419335937500016, 37.93125 ], [ 23.483691406250021, 37.991113281249994 ], [ 23.534863281250015, 37.970214843749993 ], [ 23.550976562500008, 37.925878906250006 ] ] ], [ [ [ 23.097070312500019, 36.24658203125 ], [ 23.042187500000011, 36.146386718749994 ], [ 22.939453125, 36.176220703125004 ], [ 22.910839843750004, 36.220996093749989 ], [ 22.905664062500023, 36.3203125 ], [ 22.950488281250021, 36.383935546874987 ], [ 23.097070312500019, 36.24658203125 ] ] ], [ [ [ 27.176074218750021, 35.465283203125004 ], [ 27.137890625, 35.409082031249987 ], [ 27.099121093750004, 35.456445312499994 ], [ 27.115820312500009, 35.511132812500001 ], [ 27.070703125000023, 35.597753906249999 ], [ 27.156054687500014, 35.726269531250011 ], [ 27.158007812500017, 35.788671875 ], [ 27.223144531250004, 35.820458984375001 ], [ 27.1572265625, 35.629492187499999 ], [ 27.233593750000015, 35.478564453124989 ], [ 27.176074218750021, 35.465283203125004 ] ] ], [ [ [ 27.019726562500011, 36.959033203125003 ], [ 26.919921875, 36.945214843750001 ], [ 26.937695312499997, 37.024609375 ], [ 26.888671875, 37.087255859375006 ], [ 27.040136718750006, 37.0015625 ], [ 27.019726562500011, 36.959033203125003 ] ] ], [ [ [ 27.352148437500013, 36.868896484374993 ], [ 26.918359375000016, 36.725927734374991 ], [ 26.955566406249986, 36.77421875000001 ], [ 27.214941406250006, 36.898632812499997 ], [ 27.352148437500013, 36.868896484374993 ] ] ], [ [ [ 25.5458984375, 36.967578125 ], [ 25.456738281250015, 36.9296875 ], [ 25.361914062499999, 37.070410156250006 ], [ 25.52529296875003, 37.196386718749999 ], [ 25.587890625, 37.152539062499997 ], [ 25.584277343750021, 37.039306640625007 ], [ 25.5458984375, 36.967578125 ] ] ], [ [ [ 25.27890625, 37.068408203125003 ], [ 25.199414062500008, 36.991308593750006 ], [ 25.133300781249993, 36.999658203125016 ], [ 25.10546875, 37.034960937499996 ], [ 25.146484375, 37.107421875 ], [ 25.235058593750015, 37.148535156249999 ], [ 25.275292968750019, 37.137841796875001 ], [ 25.27890625, 37.068408203125003 ] ] ], [ [ [ 25.482421875, 36.392626953124996 ], [ 25.435937500000019, 36.340087890625007 ], [ 25.370507812500023, 36.358935546874996 ], [ 25.412890625000017, 36.404882812500006 ], [ 25.408984375000024, 36.473730468750013 ], [ 25.482421875, 36.392626953124996 ] ] ], [ [ [ 25.406933593750008, 36.717333984374996 ], [ 25.364355468750009, 36.658349609374994 ], [ 25.259960937500008, 36.758447265625009 ], [ 25.295898437499996, 36.789160156250013 ], [ 25.406933593750008, 36.717333984374996 ] ] ], [ [ [ 26.824414062500001, 37.811425781249994 ], [ 27.039648437500009, 37.77001953125 ], [ 27.055078125000023, 37.709277343749996 ], [ 26.844921875000022, 37.644726562500004 ], [ 26.720507812500006, 37.70546875 ], [ 26.581054687499993, 37.723730468750006 ], [ 26.638671875, 37.780859375 ], [ 26.824414062500001, 37.811425781249994 ] ] ], [ [ [ 26.204882812500003, 37.568505859374994 ], [ 25.982421875, 37.525585937500004 ], [ 26.086328125000026, 37.634912109374994 ], [ 26.351367187500017, 37.674316406250014 ], [ 26.204882812500003, 37.568505859374994 ] ] ], [ [ [ 25.859375, 36.790429687499994 ], [ 25.7431640625, 36.789746093749997 ], [ 26.000683593750008, 36.937402343749994 ], [ 26.064453125, 36.902734375 ], [ 25.859375, 36.790429687499994 ] ] ], [ [ [ 26.460644531250004, 36.585400390625004 ], [ 26.331445312500023, 36.511376953124994 ], [ 26.270019531249993, 36.546923828124989 ], [ 26.269824218750021, 36.595410156249997 ], [ 26.337011718750002, 36.580566406250014 ], [ 26.384179687500033, 36.60786132812499 ], [ 26.370019531250026, 36.638574218749994 ], [ 26.460644531250004, 36.585400390625004 ] ] ], [ [ [ 24.400781250000026, 37.649023437499999 ], [ 24.288964843750016, 37.528271484375004 ], [ 24.277441406250002, 37.601123046875003 ], [ 24.320410156249999, 37.677734375 ], [ 24.379101562500004, 37.682714843750006 ], [ 24.400781250000026, 37.649023437499999 ] ] ], [ [ [ 24.481445312500011, 37.408007812499996 ], [ 24.37890625, 37.314111328125001 ], [ 24.397753906250017, 37.383447265625001 ], [ 24.369726562500002, 37.419628906250004 ], [ 24.43125, 37.475195312499991 ], [ 24.481445312500011, 37.408007812499996 ] ] ], [ [ [ 24.535742187500009, 36.763769531249991 ], [ 24.530664062500016, 36.683984375 ], [ 24.325976562500017, 36.655615234375006 ], [ 24.357421875, 36.744287109374994 ], [ 24.425195312500026, 36.712939453124996 ], [ 24.535742187500009, 36.763769531249991 ] ] ], [ [ [ 24.942871093749996, 37.493505859375006 ], [ 24.937890625000016, 37.389697265624996 ], [ 24.911523437500016, 37.390576171874997 ], [ 24.906542968750017, 37.508886718749999 ], [ 24.942871093749996, 37.493505859375006 ] ] ], [ [ [ 24.99169921875, 37.759619140625013 ], [ 24.962207031250024, 37.692382812500007 ], [ 24.714355468750011, 37.898876953124997 ], [ 24.700195312499996, 37.961669921874993 ], [ 24.790429687500019, 37.990136718749994 ], [ 24.855078125, 37.913671875 ], [ 24.956347656250021, 37.904785156249993 ], [ 24.99169921875, 37.759619140625013 ] ] ], [ [ [ 25.255859375, 37.599609375 ], [ 25.21875, 37.535107421874983 ], [ 25.156347656250002, 37.545068359375001 ], [ 24.996484375000023, 37.676904296875009 ], [ 25.22539062500001, 37.630664062500003 ], [ 25.255859375, 37.599609375 ] ] ], [ [ [ 24.720898437500011, 36.921435546874996 ], [ 24.676464843750011, 36.959277343749996 ], [ 24.68144531250001, 37.021630859375001 ], [ 24.716113281250014, 37.023828125 ], [ 24.763183593750004, 36.94921875 ], [ 24.720898437500011, 36.921435546874996 ] ] ], [ [ [ 26.094042968750014, 38.218066406250003 ], [ 25.998535156249996, 38.161523437499987 ], [ 25.891894531250021, 38.243310546874994 ], [ 25.87431640625001, 38.269628906249999 ], [ 25.991406250000018, 38.353515625 ], [ 25.851269531250015, 38.508398437499999 ], [ 25.846093750000019, 38.574023437500003 ], [ 26.0125, 38.601708984374994 ], [ 26.160351562500015, 38.540722656249997 ], [ 26.157031250000014, 38.302929687499997 ], [ 26.110742187500026, 38.279638671875006 ], [ 26.094042968750014, 38.218066406250003 ] ] ], [ [ [ 26.41015625, 39.329443359375006 ], [ 26.392773437500015, 39.270117187499999 ], [ 26.578222656250006, 39.109521484375001 ], [ 26.583984375, 39.031445312499997 ], [ 26.488671875000019, 39.074804687500006 ], [ 26.547167968750021, 38.994140625 ], [ 26.390136718749989, 38.97392578125001 ], [ 26.160839843750004, 39.025878906250014 ], [ 26.10791015625, 39.0810546875 ], [ 26.273144531250011, 39.197558593749989 ], [ 26.175976562500018, 39.194287109374997 ], [ 26.072363281250006, 39.095605468750001 ], [ 25.90625, 39.138964843749996 ], [ 25.844140625000016, 39.200048828125013 ], [ 25.909570312500023, 39.287548828125004 ], [ 26.088378906250004, 39.304296875 ], [ 26.16484375, 39.331982421875011 ], [ 26.165429687500023, 39.37353515625 ], [ 26.347753906250009, 39.383007812500004 ], [ 26.41015625, 39.329443359375006 ] ] ], [ [ [ 25.685742187500015, 40.4265625 ], [ 25.572656250000019, 40.40043945312501 ], [ 25.448046875000017, 40.4828125 ], [ 25.568554687500004, 40.515869140625 ], [ 25.685742187500015, 40.4265625 ] ] ], [ [ [ 25.449121093750023, 40.034814453124994 ], [ 25.372070312499996, 39.891308593750004 ], [ 25.35703125, 39.808105468750014 ], [ 25.263378906250004, 39.822949218749997 ], [ 25.249414062500023, 39.894140625 ], [ 25.18515625, 39.829931640624999 ], [ 25.062207031250004, 39.852392578124999 ], [ 25.058007812500023, 39.999658203125009 ], [ 25.234179687500017, 40.005419921874989 ], [ 25.285742187500002, 39.956298828125 ], [ 25.449121093750023, 40.034814453124994 ] ] ], [ [ [ 25.402734375000019, 37.419140625 ], [ 25.30712890625, 37.412988281250009 ], [ 25.312695312499997, 37.489306640624996 ], [ 25.348144531249996, 37.509179687500001 ], [ 25.462988281250002, 37.47109375 ], [ 25.402734375000019, 37.419140625 ] ] ], [ [ [ 24.523535156249999, 37.125097656249991 ], [ 24.424804687499986, 37.131982421875009 ], [ 24.441210937500024, 37.186865234375006 ], [ 24.483789062500016, 37.210205078125 ], [ 24.529101562500017, 37.192333984374997 ], [ 24.523535156249999, 37.125097656249991 ] ] ], [ [ [ 27.842773437499993, 35.929296875 ], [ 27.745703125, 35.911035156250001 ], [ 27.715527343750015, 35.957324218749996 ], [ 27.757324218750004, 36.069189453124999 ], [ 27.716308593749993, 36.171582031249997 ], [ 27.914453125000016, 36.345312500000013 ], [ 28.231835937500023, 36.433642578125003 ], [ 28.230078125, 36.370263671875001 ], [ 28.144042968749993, 36.209863281250001 ], [ 28.06767578125001, 36.12968750000001 ], [ 28.087792968750016, 36.065332031250009 ], [ 27.965527343750011, 36.047509765624994 ], [ 27.842773437499993, 35.929296875 ] ] ], [ [ [ 23.793359375000019, 35.556201171875003 ], [ 24.01328125, 35.529443359375001 ], [ 24.093359375, 35.593847656250006 ], [ 24.166015624999989, 35.595214843750007 ], [ 24.19775390625, 35.537451171875013 ], [ 24.108984375, 35.495800781250004 ], [ 24.178515625000014, 35.459521484375003 ], [ 24.255371093749996, 35.468603515625013 ], [ 24.274902343750004, 35.385986328125007 ], [ 24.35400390625, 35.359472656250006 ], [ 24.721289062500002, 35.4248046875 ], [ 25.003125, 35.409863281250004 ], [ 25.104296875000017, 35.346923828125007 ], [ 25.475683593750009, 35.306201171874989 ], [ 25.730175781250011, 35.348583984375004 ], [ 25.755859375, 35.326367187500004 ], [ 25.745019531250026, 35.142724609374994 ], [ 25.791308593750017, 35.122851562500003 ], [ 26.028027343750011, 35.215283203124997 ], [ 26.167871093750016, 35.215087890625007 ], [ 26.320214843750023, 35.315136718750011 ], [ 26.244335937500011, 35.044677734375007 ], [ 26.165625, 35.018603515624996 ], [ 25.8296875, 35.025195312499989 ], [ 24.799804687499996, 34.934472656250001 ], [ 24.745214843750013, 34.950634765625011 ], [ 24.708886718750023, 35.0890625 ], [ 24.463671875000017, 35.160351562499997 ], [ 23.883593750000028, 35.24609375 ], [ 23.638085937500026, 35.235156249999989 ], [ 23.592773437499989, 35.257226562500009 ], [ 23.547558593750011, 35.415576171875003 ], [ 23.569824218749996, 35.534765625 ], [ 23.608691406250021, 35.566259765624991 ], [ 23.672656250000017, 35.513916015625007 ], [ 23.715429687500009, 35.550146484374999 ], [ 23.736914062500002, 35.655517578125 ], [ 23.793359375000019, 35.556201171875003 ] ] ], [ [ [ 26.200585937500019, 41.743798828125001 ], [ 26.581347656250021, 41.601269531249983 ], [ 26.62490234375003, 41.401757812500001 ], [ 26.602343750000017, 41.354150390625001 ], [ 26.330664062500006, 41.23876953125 ], [ 26.354101562500009, 40.997070312500007 ], [ 26.109179687500021, 40.749658203124994 ], [ 26.038964843750016, 40.726757812500011 ], [ 26.010742187499996, 40.769140625 ], [ 25.855664062500004, 40.844091796875006 ], [ 25.496777343750015, 40.887792968749991 ], [ 25.325292968749999, 40.943115234375007 ], [ 25.250097656250002, 40.9328125 ], [ 25.1044921875, 40.994726562499999 ], [ 24.79296875, 40.857519531250006 ], [ 24.477050781250007, 40.947753906250007 ], [ 24.383789062499996, 40.912744140624994 ], [ 24.234375, 40.7861328125 ], [ 24.082324218750021, 40.724072265624997 ], [ 23.762792968750013, 40.747802734374993 ], [ 23.743261718750009, 40.677001953125007 ], [ 23.87890625, 40.54438476562499 ], [ 23.831933593750019, 40.481542968750013 ], [ 23.866796875000013, 40.418554687499991 ], [ 24.03056640625001, 40.409326171875001 ], [ 24.212792968750023, 40.327783203124994 ], [ 24.343359375, 40.147705078124993 ], [ 24.158789062500006, 40.280029296875007 ], [ 23.913183593749999, 40.358789062500001 ], [ 23.823437500000011, 40.368017578124999 ], [ 23.727929687500023, 40.329736328124994 ], [ 23.720507812500017, 40.286279296875009 ], [ 23.967480468750008, 40.114550781250003 ], [ 24.000781250000017, 40.024609375 ], [ 23.947070312500017, 39.965576171874993 ], [ 23.835351562500019, 40.022265625 ], [ 23.664550781250007, 40.223828125 ], [ 23.426269531249993, 40.263964843749996 ], [ 23.386425781250015, 40.221972656249996 ], [ 23.433203125, 40.115429687499997 ], [ 23.674121093750017, 39.958886718749994 ], [ 23.627343750000019, 39.924072265625007 ], [ 23.395605468749999, 39.98984375 ], [ 23.328222656250002, 40.089941406250013 ], [ 23.312011718749996, 40.216455078124994 ], [ 22.896484375, 40.399902343750021 ], [ 22.851367187500006, 40.490625 ], [ 22.922265625000016, 40.59086914062501 ], [ 22.811425781250012, 40.57861328125 ], [ 22.629492187500002, 40.495556640625011 ], [ 22.642675781250009, 40.366601562499994 ], [ 22.569335937499993, 40.11933593749999 ], [ 22.59218750000003, 40.036914062499989 ], [ 22.835742187500014, 39.80058593750001 ], [ 22.978808593750021, 39.563818359374999 ], [ 23.103417968750023, 39.492041015625006 ], [ 23.233398437499989, 39.358447265624996 ], [ 23.327734375, 39.174902343750006 ], [ 23.218359375, 39.104394531249987 ], [ 23.154687500000026, 39.101464843749994 ], [ 23.119433593750017, 39.132763671875011 ], [ 23.16875, 39.21044921875 ], [ 23.16171875, 39.25776367187499 ], [ 22.992871093750008, 39.331054687499993 ], [ 22.921386718750004, 39.306347656250004 ], [ 22.838964843749999, 39.25859375 ], [ 22.886035156250014, 39.169970703125003 ], [ 22.965527343750004, 39.030908203125001 ], [ 23.066699218750017, 39.037939453124991 ], [ 22.802636718750019, 38.901611328125007 ], [ 22.56914062500001, 38.867480468750003 ], [ 23.020312500000024, 38.74189453124999 ], [ 23.137695312500004, 38.66796875 ], [ 23.2529296875, 38.661230468749999 ], [ 23.368945312500017, 38.525537109374994 ], [ 23.569628906250014, 38.489404296875001 ], [ 23.683984375000023, 38.352441406249987 ], [ 23.966992187500011, 38.275 ], [ 24.024511718750009, 38.139794921875009 ], [ 24.055371093750015, 37.709619140625009 ], [ 23.971582031250026, 37.6767578125 ], [ 23.580468750000023, 38.010546875 ], [ 23.501757812500014, 38.03486328124999 ], [ 23.420214843750021, 37.992089843750001 ], [ 23.193652343750014, 37.959033203124996 ], [ 23.036328125, 37.878369140625011 ], [ 23.147167968750011, 37.7953125 ], [ 23.147167968750011, 37.716259765624997 ], [ 23.197558593750014, 37.620214843749999 ], [ 23.396191406250008, 37.579785156249997 ], [ 23.489257812499996, 37.440185546875 ], [ 23.161523437500023, 37.333837890624991 ], [ 23.1, 37.36376953125 ], [ 23.096484375000014, 37.440576171875001 ], [ 23.015136718750004, 37.481787109374999 ], [ 22.775, 37.585107421874994 ], [ 22.725390625000021, 37.542138671874987 ], [ 22.76503906250003, 37.393310546875 ], [ 22.851074218749996, 37.290820312499996 ], [ 23.060351562500024, 36.853515625 ], [ 23.073535156250014, 36.774951171874996 ], [ 23.041015625, 36.644531250000014 ], [ 23.16015625, 36.448095703124999 ], [ 22.982910156249996, 36.528369140625003 ], [ 22.832324218750017, 36.687109375 ], [ 22.779882812500006, 36.786181640625003 ], [ 22.717187500000016, 36.7939453125 ], [ 22.608398437499996, 36.779736328124997 ], [ 22.489062500000017, 36.568164062499996 ], [ 22.489453125000018, 36.446923828125001 ], [ 22.427734375, 36.475781250000011 ], [ 22.374804687500014, 36.513574218749987 ], [ 22.375976562500004, 36.701904296875 ], [ 22.231152343750011, 36.882568359375 ], [ 22.164746093750008, 36.902832031250007 ], [ 22.080468750000023, 37.028955078124994 ], [ 21.955566406249996, 36.990087890624999 ], [ 21.934277343750011, 36.80366210937499 ], [ 21.892382812500017, 36.737304687500007 ], [ 21.738085937500024, 36.863232421875011 ], [ 21.582910156250026, 37.080957031249994 ], [ 21.578808593750011, 37.200390625 ], [ 21.692480468750009, 37.309277343749997 ], [ 21.67890625, 37.387207031250007 ], [ 21.5712890625, 37.541015625 ], [ 21.329296875, 37.669335937499994 ], [ 21.288476562500016, 37.774511718750006 ], [ 21.137988281250017, 37.854150390625001 ], [ 21.124707031250008, 37.891601562500007 ], [ 21.308105468750004, 38.027441406249999 ], [ 21.403710937500023, 38.196679687500009 ], [ 21.658398437500004, 38.175097656249996 ], [ 21.824707031249996, 38.328125 ], [ 21.953320312500008, 38.321191406249994 ], [ 22.24375, 38.188720703125007 ], [ 22.555859375, 38.113232421874997 ], [ 22.799609375000014, 37.981201171875007 ], [ 22.920312500000026, 37.958300781250003 ], [ 22.893164062500006, 38.050927734374987 ], [ 23.1220703125, 38.073339843750006 ], [ 23.183496093750023, 38.133691406249994 ], [ 23.093554687500014, 38.196435546874994 ], [ 22.834375, 38.234716796875006 ], [ 22.421679687500021, 38.438525390624989 ], [ 22.319921875, 38.356835937499987 ], [ 21.965332031249996, 38.412451171874991 ], [ 21.472558593750023, 38.321386718750006 ], [ 21.3310546875, 38.4873046875 ], [ 21.303320312500006, 38.373925781250001 ], [ 21.182617187500007, 38.345556640625006 ], [ 21.113183593750023, 38.384667968750001 ], [ 20.9921875, 38.654003906250004 ], [ 20.873242187500008, 38.775732421874999 ], [ 20.776855468749996, 38.807519531250001 ], [ 20.768554687500004, 38.874414062499994 ], [ 20.77734375, 38.927880859374987 ], [ 20.893164062500009, 38.941113281250011 ], [ 21.111621093750014, 38.896289062499996 ], [ 21.15234375, 38.922070312499997 ], [ 21.118359375000015, 39.029980468750004 ], [ 20.779687500000019, 39.008544921874993 ], [ 20.71337890625, 39.03515625 ], [ 20.46826171875, 39.255273437499994 ], [ 20.30078125, 39.32709960937499 ], [ 20.19140625, 39.545800781250001 ], [ 20.001269531250021, 39.709423828124997 ], [ 20.131054687500008, 39.661621093750014 ], [ 20.248242187500011, 39.678369140624987 ], [ 20.306152343750004, 39.796679687499989 ], [ 20.382421875, 39.802636718749994 ], [ 20.311132812500002, 39.979443359375004 ], [ 20.408007812500017, 40.049462890624987 ], [ 20.60625, 40.082666015625001 ], [ 20.657421875, 40.117382812500004 ], [ 20.806054687500026, 40.445458984374994 ], [ 20.950195312499996, 40.494384765625 ], [ 21.030859375, 40.622460937500001 ], [ 20.955761718750018, 40.775292968749994 ], [ 20.964257812500019, 40.849902343749989 ], [ 21.323730468749996, 40.867138671874997 ], [ 21.404101562500017, 40.907177734375011 ], [ 21.57578125, 40.868945312500003 ], [ 21.779492187500011, 40.950439453125007 ], [ 21.929492187500014, 41.107421875 ], [ 21.993359375, 41.130957031250013 ], [ 22.184472656250016, 41.158642578124997 ], [ 22.493554687500026, 41.118505859374999 ], [ 22.724804687500004, 41.178515624999989 ], [ 22.783886718750008, 41.33198242187499 ], [ 23.155957031250015, 41.322070312499996 ], [ 23.23984375, 41.384960937499997 ], [ 23.635156250000019, 41.386767578125003 ], [ 23.880859375, 41.455957031250001 ], [ 24.011328125, 41.460058593750006 ], [ 24.05605468750003, 41.527246093749987 ], [ 24.38671875, 41.523535156249999 ], [ 24.518261718750004, 41.55253906250001 ], [ 24.595996093750014, 41.442724609375006 ], [ 24.773730468750017, 41.356103515625009 ], [ 24.846875, 41.394238281249997 ], [ 24.993554687500016, 41.364990234375 ], [ 25.251171875, 41.243554687499994 ], [ 25.784960937500017, 41.330419921875006 ], [ 25.92333984375, 41.311914062499987 ], [ 26.135351562499999, 41.385742187500007 ], [ 26.143554687499989, 41.521533203124996 ], [ 26.066015625, 41.673242187499994 ], [ 26.085546875, 41.70415039062501 ], [ 26.200585937500019, 41.743798828125001 ] ] ] ] } },
{ "type": "Feature", "properties": { "name": "Guernsey", "iso_a2": "GG" }, "geometry": { "type": "Polygon", "coordinates": [ [ [ -2.512304687499971, 49.49453125 ], [ -2.547363281249995, 49.428710937500007 ], [ -2.646142578124994, 49.468212890625004 ], [ -2.542187499999983, 49.506591796875 ], [ -2.512304687499971, 49.49453125 ] ] ] } },
{ "type": "Feature", "properties": { "name": "Hungary", "iso_a2": "HU" }, "geometry": { "type": "Polygon", "coordinates": [ [ [ 21.721484375000014, 48.346582031249994 ], [ 22.253710937500014, 48.407373046874987 ], [ 22.350195312500002, 48.256054687499997 ], [ 22.520117187500006, 48.205371093749996 ], [ 22.582421875000012, 48.134033203124993 ], [ 22.769140625, 48.109619140625 ], [ 22.857226562500014, 48.029541015625 ], [ 22.876660156250004, 47.947265625 ], [ 22.608398437500007, 47.766308593750011 ], [ 22.491406250000015, 47.772558593750013 ], [ 22.290625, 47.727832031249996 ], [ 21.999707031250015, 47.505029296875001 ], [ 21.995312500000015, 47.395703125 ], [ 21.869335937500015, 47.304589843750001 ], [ 21.785449218750014, 47.138134765625011 ], [ 21.661425781250021, 47.04389648437499 ], [ 21.652636718750021, 46.963769531250009 ], [ 21.49443359375001, 46.789746093749997 ], [ 21.497070312499996, 46.704296875 ], [ 21.320214843750019, 46.607812499999987 ], [ 21.252246093750014, 46.486376953124982 ], [ 21.264550781250023, 46.412304687499997 ], [ 21.191796875000019, 46.391552734375004 ], [ 21.151953125, 46.304345703125001 ], [ 21.039843750000014, 46.242236328125003 ], [ 20.837011718750006, 46.25971679687499 ], [ 20.76025390625, 46.246240234375001 ], [ 20.707421875000023, 46.172802734375004 ], [ 20.613671875000023, 46.133496093750004 ], [ 20.508105468750017, 46.166943359375011 ], [ 20.241796875, 46.108593750000011 ], [ 20.161425781250014, 46.141894531249982 ], [ 19.613476562500011, 46.169189453125 ], [ 19.530761718750004, 46.155175781249987 ], [ 19.42128906250003, 46.064453125 ], [ 19.278125, 46.002880859374997 ], [ 19.146289062500017, 45.98701171874999 ], [ 19.087304687500019, 46.016162109374996 ], [ 18.927832031250009, 45.931396484375 ], [ 18.666015625, 45.907470703125007 ], [ 18.564648437500018, 45.813281249999989 ], [ 18.437304687500017, 45.767333984374993 ], [ 17.963867187500004, 45.770263671875 ], [ 17.80712890625, 45.790429687499994 ], [ 17.639648437499996, 45.868359375 ], [ 17.60703125, 45.913769531250004 ], [ 17.310644531250002, 45.996142578124989 ], [ 17.2421875, 46.076611328125004 ], [ 16.939941406249996, 46.253662109375 ], [ 16.871484375000019, 46.339306640625004 ], [ 16.516210937500002, 46.499902343750001 ], [ 16.38125, 46.638671875000014 ], [ 16.384570312500017, 46.680810546875001 ], [ 16.335449218750004, 46.721630859375004 ], [ 16.283593750000019, 46.857275390624991 ], [ 16.093066406250014, 46.86328125 ], [ 16.252539062500006, 46.971923828125014 ], [ 16.453417968750014, 47.006787109374997 ], [ 16.49267578125, 47.12265625 ], [ 16.438378906250026, 47.145898437500009 ], [ 16.41689453125003, 47.2234375 ], [ 16.462597656250008, 47.273144531250004 ], [ 16.442871093749996, 47.39951171875002 ], [ 16.623046875, 47.447558593749989 ], [ 16.676562500000024, 47.536035156250001 ], [ 16.639746093750009, 47.608886718750007 ], [ 16.421289062500026, 47.674462890625001 ], [ 16.590917968750013, 47.750537109374989 ], [ 16.785937500000014, 47.678662109375004 ], [ 17.066601562500008, 47.707568359374989 ], [ 17.03007812500001, 47.837109375 ], [ 17.0890625, 47.963623046875014 ], [ 17.147363281250016, 48.005957031250006 ], [ 17.317285156250023, 47.990917968749997 ], [ 17.635253906250007, 47.809912109374999 ], [ 17.761914062500011, 47.770166015625001 ], [ 18.72421875, 47.787158203125003 ], [ 18.778027343750011, 47.852880859374999 ], [ 18.750097656250006, 47.939453125 ], [ 18.791894531250019, 48.000292968749996 ], [ 18.914160156250006, 48.05083007812501 ], [ 19.466992187500011, 48.110693359375006 ], [ 19.564257812500014, 48.212841796875004 ], [ 19.625390625000019, 48.223095703124997 ], [ 19.898632812500018, 48.131347656249993 ], [ 19.950390625, 48.146630859374987 ], [ 20.333789062500024, 48.295556640625001 ], [ 20.490039062500017, 48.526904296874982 ], [ 20.866601562500016, 48.545654296874993 ], [ 21.067285156250026, 48.505908203125003 ], [ 21.451367187500015, 48.552246093749993 ], [ 21.563183593750011, 48.495703125 ], [ 21.721484375000014, 48.346582031249994 ] ] ] } },
{ "type": "Feature", "properties": { "name": "Iceland", "iso_a2": "IS" }, "geometry": { "type": "Polygon", "coordinates": [ [ [ -15.543115234374994, 66.228515625 ], [ -15.240917968749972, 66.259130859375006 ], [ -14.856103515625001, 66.38144531250002 ], [ -14.595849609374978, 66.381542968750011 ], [ -14.912207031249961, 66.284277343750006 ], [ -15.116406249999983, 66.102441406249994 ], [ -14.894042968749979, 66.037890625 ], [ -14.740429687499988, 66.050830078125003 ], [ -14.698193359374983, 66.020214843749997 ], [ -14.668994140624983, 65.95986328124998 ], [ -14.688232421874989, 65.896972656249986 ], [ -14.839306640624986, 65.780908203124994 ], [ -14.827099609374976, 65.76425781250002 ], [ -14.391845703125002, 65.787402343750017 ], [ -14.318164062499992, 65.684472656250009 ], [ -14.473388671874998, 65.575341796875009 ], [ -14.166943359374979, 65.642285156249983 ], [ -13.935449218750001, 65.616064453125006 ], [ -13.785253906249975, 65.533007812500017 ], [ -13.6703125, 65.549511718750011 ], [ -13.617871093749974, 65.519335937500003 ], [ -13.66777343749998, 65.398974609375003 ], [ -13.804785156249968, 65.354785156250003 ], [ -13.722851562499983, 65.290966796874997 ], [ -13.641113281249995, 65.275 ], [ -13.648925781249996, 65.236962890624994 ], [ -13.754882812499998, 65.192529296874994 ], [ -13.580810546874984, 65.143017578124997 ], [ -13.56967773437497, 65.068115234375 ], [ -13.651855468750005, 65.016845703125 ], [ -13.854003906249996, 64.992871093749983 ], [ -13.827832031249979, 64.958007812500014 ], [ -13.852929687500001, 64.862158203125006 ], [ -14.044433593750004, 64.741894531249983 ], [ -14.13515625, 64.714794921874997 ], [ -14.385107421874974, 64.74521484375002 ], [ -14.375292968749973, 64.677441406249997 ], [ -14.465380859374996, 64.635693359374997 ], [ -14.416992187499998, 64.583105468750006 ], [ -14.432568359374983, 64.538330078125 ], [ -14.628222656249978, 64.415966796874997 ], [ -15.02158203124997, 64.295898437499986 ], [ -15.255859375, 64.296923828125017 ], [ -15.832910156249978, 64.176660156250009 ], [ -16.060449218749977, 64.11123046874998 ], [ -16.468066406249971, 63.916357421874999 ], [ -16.640332031249979, 63.865478515625014 ], [ -17.815722656249982, 63.712988281250013 ], [ -17.91484375, 63.636376953124994 ], [ -17.880273437500001, 63.590185546874999 ], [ -17.946923828124984, 63.535742187499984 ], [ -18.080029296874979, 63.496337890624993 ], [ -18.252197265625, 63.529687499999987 ], [ -18.222265625, 63.47319335937501 ], [ -18.653613281249996, 63.406689453125011 ], [ -19.250195312499979, 63.441992187500006 ], [ -19.778271484374972, 63.53657226562499 ], [ -20.198144531249987, 63.55581054687498 ], [ -20.494042968749994, 63.687353515624999 ], [ -20.469970703125004, 63.748193359374994 ], [ -20.363037109374986, 63.764941406249996 ], [ -20.413964843749984, 63.805175781249993 ], [ -20.650927734374982, 63.737402343749999 ], [ -20.727050781249993, 63.765771484374994 ], [ -20.729931640624972, 63.793359375 ], [ -20.878759765624984, 63.80390625 ], [ -21.136572265624963, 63.887939453125 ], [ -21.155761718749993, 63.906835937500006 ], [ -21.105957031249982, 63.93984375 ], [ -21.246240234374987, 63.935449218750001 ], [ -21.448632812499994, 63.858398437500014 ], [ -22.652197265624952, 63.827734375 ], [ -22.74296875, 64.019384765625006 ], [ -22.701171874999982, 64.083203124999983 ], [ -22.510058593749999, 63.991455078125 ], [ -22.187597656249956, 64.039208984375009 ], [ -22.056640625000011, 64.071337890625017 ], [ -21.865917968749972, 64.180322265625009 ], [ -21.668652343749962, 64.349023437499994 ], [ -21.463330078124976, 64.379150390625 ], [ -21.646679687499979, 64.397851562499994 ], [ -21.951220703124982, 64.313916015624997 ], [ -22.053369140624991, 64.313916015624997 ], [ -21.901269531249987, 64.3916015625 ], [ -22.000683593749983, 64.41318359375002 ], [ -22.003808593749994, 64.452197265625017 ], [ -21.950341796874994, 64.51499023437502 ], [ -21.590625, 64.626367187499994 ], [ -21.674951171875005, 64.647705078125 ], [ -22.106005859374982, 64.53305664062502 ], [ -22.253906249999989, 64.571875 ], [ -22.324707031250004, 64.62441406249998 ], [ -22.247558593749989, 64.726904296875006 ], [ -22.467041015624989, 64.794970703125017 ], [ -23.346972656249978, 64.824365234374994 ], [ -23.818994140624987, 64.739160156250009 ], [ -23.932763671875005, 64.778515625000011 ], [ -24.026171875, 64.86342773437498 ], [ -24.007031249999979, 64.896435546875011 ], [ -23.924414062499984, 64.915234374999983 ], [ -23.352685546874984, 64.952783203125009 ], [ -23.197998046874989, 65.002148437500011 ], [ -23.108837890624972, 64.965869140625003 ], [ -22.788085937499996, 65.046484375 ], [ -22.599707031249967, 65.025732421875006 ], [ -21.892138671874989, 65.048779296875011 ], [ -21.80043945312498, 65.105908203124997 ], [ -21.763720703124971, 65.173730468749994 ], [ -22.099316406249976, 65.126220703125 ], [ -22.509082031249982, 65.196777343750014 ], [ -22.31396484375, 65.291601562500006 ], [ -21.906982421874993, 65.399707031250003 ], [ -21.844384765624991, 65.44736328125002 ], [ -22.005761718749984, 65.493457031250017 ], [ -22.311474609374965, 65.480712890624986 ], [ -22.389697265624982, 65.535400390625028 ], [ -22.643603515624989, 65.567773437500009 ], [ -22.812646484374991, 65.547412109375003 ], [ -22.902490234374998, 65.58046875 ], [ -23.899902343749982, 65.407568359375006 ], [ -24.223974609374974, 65.487207031249994 ], [ -24.454785156249972, 65.500341796874991 ], [ -24.47568359374997, 65.525195312500003 ], [ -24.341064453124972, 65.601220703124994 ], [ -24.248925781249987, 65.614990234375 ], [ -23.856738281249982, 65.538378906249989 ], [ -24.010009765625004, 65.616210937500014 ], [ -24.017578124999989, 65.69091796875 ], [ -24.111914062499974, 65.759716796874997 ], [ -24.092626953124963, 65.776464843750006 ], [ -23.909082031249969, 65.765576171874997 ], [ -23.615917968749972, 65.679589843749994 ], [ -23.285351562499958, 65.75 ], [ -23.704736328124984, 65.781201171874997 ], [ -23.832617187499981, 65.84921875000002 ], [ -23.741308593749988, 65.884570312500003 ], [ -23.524951171874978, 65.880029296874994 ], [ -23.777343749999972, 66.017578124999986 ], [ -23.737158203124974, 66.069433593750006 ], [ -23.434472656249966, 66.02421875 ], [ -23.598535156249987, 66.108837890624997 ], [ -23.45253906249998, 66.181005859374991 ], [ -23.3, 66.166601562500006 ], [ -23.062548828124992, 66.086230468750003 ], [ -23.028515624999979, 66.063671875 ], [ -23.018994140624958, 65.982128906249983 ], [ -22.815332031250001, 65.983496093750006 ], [ -22.723339843749976, 66.039013671874997 ], [ -22.659863281249983, 66.025927734374989 ], [ -22.609716796874956, 65.976464843749994 ], [ -22.616015624999978, 65.867480468749989 ], [ -22.551562499999978, 65.905419921874994 ], [ -22.441699218749985, 65.908300781250006 ], [ -22.4453125, 66.070019531249997 ], [ -22.947900390624984, 66.212744140625006 ], [ -22.861621093749978, 66.25146484375 ], [ -22.484423828124974, 66.266308593749997 ], [ -22.646093749999959, 66.301562500000017 ], [ -22.686230468749976, 66.337695312500003 ], [ -23.116943359375, 66.338720703125006 ], [ -22.889208984374974, 66.440625 ], [ -22.42612304687497, 66.430126953125011 ], [ -22.170214843749989, 66.30712890625 ], [ -21.966992187499986, 66.256982421875023 ], [ -21.625292968749978, 66.089697265625006 ], [ -21.406884765625005, 66.025585937499997 ], [ -21.516650390624996, 65.967578125000031 ], [ -21.308789062499965, 65.895312500000017 ], [ -21.374902343749987, 65.741894531249997 ], [ -21.456640624999967, 65.6982421875 ], [ -21.658447265625004, 65.723583984375011 ], [ -21.466259765624986, 65.63515625 ], [ -21.433642578124974, 65.609667968750003 ], [ -21.455126953124974, 65.584667968749997 ], [ -21.364746093749979, 65.578222656250006 ], [ -21.432177734374985, 65.474072265624997 ], [ -21.229980468749989, 65.420605468749983 ], [ -21.129687499999989, 65.2666015625 ], [ -20.939746093749967, 65.565185546875 ], [ -20.804345703124984, 65.636425781250011 ], [ -20.678955078125004, 65.6630859375 ], [ -20.548144531249978, 65.579492187499994 ], [ -20.454833984374982, 65.571044921875014 ], [ -20.356640624999969, 65.719042968750017 ], [ -20.356591796874998, 66.033251953125017 ], [ -20.29213867187498, 66.084375 ], [ -20.207519531249989, 66.100097656250014 ], [ -20.026074218749976, 66.049267578125011 ], [ -19.647851562499987, 65.800781249999986 ], [ -19.489697265624979, 65.768066406250014 ], [ -19.433886718749964, 65.814453125 ], [ -19.45625, 65.984912109375003 ], [ -19.382958984374977, 66.07568359375 ], [ -18.845898437499976, 66.183935546875034 ], [ -18.706201171874998, 66.135742187500014 ], [ -18.454931640624974, 65.964550781249997 ], [ -18.276953124999967, 65.884716796874969 ], [ -18.141943359374977, 65.734082031249997 ], [ -18.099023437499987, 65.830273437499997 ], [ -18.315332031249984, 66.093164062500009 ], [ -18.297167968749974, 66.157421875 ], [ -17.906982421874993, 66.143310546875 ], [ -17.550439453124987, 65.964404296875003 ], [ -17.153027343749972, 66.202832031249997 ], [ -16.838037109375009, 66.125244140625014 ], [ -16.485009765624994, 66.195947265625023 ], [ -16.42807617187497, 66.278369140625017 ], [ -16.540673828124994, 66.446728515624997 ], [ -16.493359375, 66.481152343750011 ], [ -16.249316406249985, 66.522900390625011 ], [ -15.98540039062499, 66.514648437500014 ], [ -15.713769531249996, 66.358593750000011 ], [ -15.702783203124989, 66.28574218750002 ], [ -15.543115234374994, 66.228515625 ] ] ] } },
{ "type": "Feature", "properties": { "name": "Ireland", "iso_a2": "IE" }, "geometry": { "type": "MultiPolygon", "coordinates": [ [ [ [ -9.956152343749974, 53.987207031250009 ], [ -9.95244140624999, 53.88457031250001 ], [ -10.0625, 53.959716796875007 ], [ -10.265722656249974, 53.977685546875001 ], [ -10.181054687499987, 54.016845703125007 ], [ -9.99638671874999, 54.003613281249997 ], [ -9.956152343749974, 53.987207031250009 ] ] ], [ [ [ -6.961669921874997, 55.237890625 ], [ -7.376904296874988, 55.027685546874999 ], [ -7.45126953124998, 54.877099609375009 ], [ -7.550390624999976, 54.767968750000023 ], [ -7.7375, 54.710449218750014 ], [ -7.910595703124983, 54.698339843749999 ], [ -7.746289062499985, 54.615820312499991 ], [ -7.75439453125, 54.594921875 ], [ -8.044335937499984, 54.512451171875007 ], [ -8.144824218749987, 54.453515625 ], [ -7.884472656249979, 54.283789062499999 ], [ -7.854931640624974, 54.215283203124997 ], [ -7.678759765624982, 54.186669921875009 ], [ -7.606542968749978, 54.14384765625001 ], [ -7.324511718749986, 54.133447265625016 ], [ -7.155468749999976, 54.239501953124993 ], [ -7.202587890624974, 54.301806640625003 ], [ -7.049707031249991, 54.408251953124989 ], [ -7.007714843749986, 54.406689453125004 ], [ -6.87724609374999, 54.3291015625 ], [ -6.80258789062498, 54.21435546875 ], [ -6.646875, 54.163427734375006 ], [ -6.649804687499994, 54.058642578124996 ], [ -6.402587890624998, 54.060644531249999 ], [ -6.303662109374975, 54.094873046875001 ], [ -6.218017578124993, 54.088720703124999 ], [ -6.175732421874986, 54.05351562500001 ], [ -6.156933593749981, 54.017236328125009 ], [ -6.307617187500001, 54.011035156249989 ], [ -6.34516601562498, 53.987207031250009 ], [ -6.347607421874983, 53.941308593749994 ], [ -6.141845703124995, 53.577539062500009 ], [ -6.129101562499979, 53.390869140625 ], [ -6.15166015624999, 53.36640625 ], [ -6.045019531249969, 53.091162109375006 ], [ -6.027392578124982, 52.927099609374999 ], [ -6.169335937499996, 52.738134765625013 ], [ -6.217236328124992, 52.543115234375001 ], [ -6.345410156249985, 52.402001953125001 ], [ -6.463183593749991, 52.345361328125009 ], [ -6.325, 52.246679687499991 ], [ -6.561083984374997, 52.188818359374999 ], [ -6.782226562499992, 52.210498046874996 ], [ -6.890234374999978, 52.159228515624996 ], [ -6.965771484374979, 52.249511718750007 ], [ -7.003271484374977, 52.165917968750009 ], [ -7.527294921874978, 52.098876953124993 ], [ -7.624902343749988, 51.99311523437499 ], [ -7.872167968749978, 51.935302734374993 ], [ -8.057812499999985, 51.825585937500001 ], [ -8.14501953125, 51.813525390624989 ], [ -8.290234374999983, 51.890673828124996 ], [ -8.409179687500002, 51.888769531249999 ], [ -8.347363281249986, 51.847705078125003 ], [ -8.335595703124994, 51.79296875 ], [ -8.349121093749996, 51.739306640624996 ], [ -8.407812499999975, 51.712060546874994 ], [ -8.73447265624997, 51.636181640625004 ], [ -8.813427734374979, 51.584912109374997 ], [ -9.296484374999975, 51.498242187500004 ], [ -9.462890625, 51.529052734375 ], [ -9.737304687499996, 51.473730468749999 ], [ -9.835351562499987, 51.483349609375011 ], [ -9.7103515625, 51.60371093749999 ], [ -9.52490234375, 51.681103515624997 ], [ -9.579833984374993, 51.689257812500003 ], [ -10.120751953124993, 51.600683593749999 ], [ -10.069433593749983, 51.655566406249989 ], [ -9.749511718749995, 51.824267578125017 ], [ -9.598828124999978, 51.874414062500016 ], [ -10.084228515624995, 51.77099609375 ], [ -10.211718749999989, 51.783593750000016 ], [ -10.241748046874994, 51.81245117187499 ], [ -10.341064453124993, 51.798925781249999 ], [ -10.378710937499982, 51.86875 ], [ -10.231591796874984, 51.974511718750016 ], [ -9.946044921874998, 52.079833984374993 ], [ -9.909667968750004, 52.122949218750001 ], [ -10.390234374999977, 52.134912109374994 ], [ -10.356689453124989, 52.206933593750009 ], [ -10.132080078124989, 52.282080078124999 ], [ -9.93730468749998, 52.237646484374991 ], [ -9.772119140624987, 52.250097656249999 ], [ -9.841064453125002, 52.29145507812499 ], [ -9.853222656249981, 52.37548828125 ], [ -9.906054687499982, 52.403710937499994 ], [ -9.632226562499985, 52.546923828124989 ], [ -8.783447265624998, 52.679638671875004 ], [ -8.990283203124987, 52.755419921875003 ], [ -9.175390624999979, 52.634912109375001 ], [ -9.394238281249988, 52.617089843750009 ], [ -9.56103515625, 52.653955078125009 ], [ -9.764355468749986, 52.579980468750009 ], [ -9.916601562499972, 52.569726562500001 ], [ -9.464892578124989, 52.82319335937499 ], [ -9.393652343749977, 52.896240234374993 ], [ -9.461962890624987, 52.947265625 ], [ -9.29921875, 53.097558593750009 ], [ -8.997167968749972, 53.162060546874997 ], [ -8.930126953124981, 53.207080078125003 ], [ -9.140332031249972, 53.25048828125 ], [ -9.514208984374989, 53.238232421874997 ], [ -9.625976562499996, 53.33447265625 ], [ -9.825390624999978, 53.320361328124989 ], [ -9.875781249999989, 53.342724609374997 ], [ -9.795410156249998, 53.394970703124997 ], [ -10.091259765624976, 53.412841796875 ], [ -10.054394531249983, 53.478320312499989 ], [ -10.116992187499983, 53.548535156249997 ], [ -9.720654296874988, 53.604492187500007 ], [ -9.90971679687499, 53.657617187500009 ], [ -9.901611328124998, 53.727197265624987 ], [ -9.578222656249972, 53.805419921875 ], [ -9.578857421874998, 53.87983398437499 ], [ -9.9140625, 53.863720703124997 ], [ -9.856347656249991, 54.004296875 ], [ -9.856445312500004, 54.095361328125009 ], [ -9.934472656249989, 54.075244140625003 ], [ -9.977099609374987, 54.187109375 ], [ -10.092675781249998, 54.155761718750007 ], [ -10.056396484375, 54.257812500000014 ], [ -9.56230468749999, 54.308544921874997 ], [ -9.315527343749979, 54.298632812500003 ], [ -9.145898437499991, 54.209619140624994 ], [ -9.002441406249991, 54.287988281250009 ], [ -8.545556640624991, 54.241210937500014 ], [ -8.623144531249977, 54.346875 ], [ -8.470996093749989, 54.441943359375003 ], [ -8.230371093749991, 54.50727539062499 ], [ -8.133447265624991, 54.64082031249999 ], [ -8.456542968749989, 54.609277343750009 ], [ -8.763916015624995, 54.681201171874996 ], [ -8.715185546874975, 54.73203125 ], [ -8.538281249999974, 54.782958984374993 ], [ -8.377294921874975, 54.889453125 ], [ -8.411718749999974, 54.965087890624993 ], [ -8.393261718749979, 55.020410156249987 ], [ -8.325781249999974, 55.056445312499996 ], [ -8.274609374999972, 55.146289062499996 ], [ -8.006103515624998, 55.1953125 ], [ -7.750537109374987, 55.185791015625 ], [ -7.762548828124967, 55.248339843750003 ], [ -7.667089843749971, 55.256494140624994 ], [ -7.570019531249976, 55.171386718750014 ], [ -7.556640625, 55.122216796875001 ], [ -7.634277343750004, 55.054980468750003 ], [ -7.58984375, 55.025048828124994 ], [ -7.658740234374983, 54.970947265625014 ], [ -7.478417968749983, 55.046972656249999 ], [ -7.531445312499979, 55.193847656249993 ], [ -7.517871093749988, 55.247949218750001 ], [ -7.301757812499989, 55.298779296875011 ], [ -7.365966796874996, 55.360205078125013 ], [ -7.246679687499973, 55.35302734375 ], [ -6.961669921874997, 55.237890625 ] ] ] ] } },
{ "type": "Feature", "properties": { "name": "Isle of Man", "iso_a2": "IM" }, "geometry": { "type": "Polygon", "coordinates": [ [ [ -4.412060546874983, 54.185351562499996 ], [ -4.6142578125, 54.058691406250006 ], [ -4.785351562499979, 54.073046875 ], [ -4.698730468749996, 54.224902343750003 ], [ -4.508642578124978, 54.376708984375007 ], [ -4.424707031249992, 54.40717773437499 ], [ -4.377197265624992, 54.392578125 ], [ -4.337988281249979, 54.269091796874989 ], [ -4.412060546874983, 54.185351562499996 ] ] ] } },
{ "type": "Feature", "properties": { "name": "Italy", "iso_a2": "IT" }, "geometry": { "type": "MultiPolygon", "coordinates": [ [ [ [ 7.02109375, 45.92578125 ], [ 7.129003906250007, 45.880419921874989 ], [ 7.538574218750003, 45.978173828124994 ], [ 7.787890625000015, 45.921826171874997 ], [ 7.993164062500004, 46.015917968749996 ], [ 8.125195312500013, 46.160937499999989 ], [ 8.095703125, 46.271044921874996 ], [ 8.370703125, 46.445117187500003 ], [ 8.422558593750015, 46.446044921875007 ], [ 8.458398437500028, 46.245898437499996 ], [ 8.641699218750006, 46.110791015625004 ], [ 8.818554687500015, 46.0771484375 ], [ 8.778027343750011, 45.996191406250006 ], [ 8.953710937500011, 45.830029296874997 ], [ 9.023730468750017, 45.845703125 ], [ 9.046679687500022, 45.875585937500013 ], [ 9.003027343750004, 46.014892578125 ], [ 9.251074218750009, 46.28676757812498 ], [ 9.260156250000026, 46.475195312499999 ], [ 9.30439453125001, 46.495556640625004 ], [ 9.42763671875003, 46.482324218749987 ], [ 9.4810546875, 46.348779296875009 ], [ 9.528710937500025, 46.306201171875003 ], [ 9.639453125000019, 46.2958984375 ], [ 9.939257812500022, 46.36181640625 ], [ 10.080566406250005, 46.22797851562499 ], [ 10.145214843750011, 46.253515625 ], [ 10.03828125, 46.483203125 ], [ 10.087011718750002, 46.599902343750003 ], [ 10.195507812500015, 46.62109375 ], [ 10.272265625000022, 46.56484375 ], [ 10.430664062500002, 46.550048828125007 ], [ 10.438281250000019, 46.618847656249997 ], [ 10.397949218750002, 46.6650390625 ], [ 10.452832031250017, 46.864941406250011 ], [ 10.689257812500014, 46.846386718749997 ], [ 10.828906250000022, 46.775244140624999 ], [ 10.99326171875, 46.777001953125001 ], [ 11.133886718750006, 46.936181640624994 ], [ 11.244433593750015, 46.975683593749999 ], [ 11.775683593750017, 46.986083984375 ], [ 12.169433593749998, 47.082128906250013 ], [ 12.201269531250002, 47.060888671874984 ], [ 12.130761718750025, 46.984765625 ], [ 12.154101562500019, 46.935253906249997 ], [ 12.38828125, 46.702636718749993 ], [ 13.16875, 46.57265625 ], [ 13.7, 46.520263671875 ], [ 13.6796875, 46.462890625 ], [ 13.399511718749997, 46.317529296875001 ], [ 13.378222656250021, 46.261621093750001 ], [ 13.420996093750009, 46.212304687499987 ], [ 13.63251953125001, 46.177050781249996 ], [ 13.616601562500023, 46.133105468749996 ], [ 13.486425781250009, 46.03955078125 ], [ 13.487695312500017, 45.987109375 ], [ 13.600585937499996, 45.979785156249996 ], [ 13.583398437500028, 45.812353515624991 ], [ 13.721679687499995, 45.761279296874989 ], [ 13.874707031250017, 45.61484375 ], [ 13.71982421875, 45.587597656249983 ], [ 13.783300781250009, 45.627246093750003 ], [ 13.628320312500028, 45.770947265624997 ], [ 13.558203125, 45.770703125 ], [ 13.465136718750012, 45.709960937500007 ], [ 13.206347656250012, 45.771386718749994 ], [ 13.030273437499998, 45.6375 ], [ 12.49755859375, 45.461669921875007 ], [ 12.43212890625, 45.467919921874994 ], [ 12.536132812500005, 45.544921875 ], [ 12.491796875, 45.546289062499994 ], [ 12.274316406250021, 45.446044921875 ], [ 12.225683593750004, 45.241503906249996 ], [ 12.28632812500001, 45.207714843749997 ], [ 12.392480468750019, 45.039794921875 ], [ 12.5234375, 44.96796875 ], [ 12.46357421875001, 44.84521484375 ], [ 12.384472656250017, 44.798339843750007 ], [ 12.27890625, 44.832226562499997 ], [ 12.248339843750021, 44.722509765624999 ], [ 12.30498046875001, 44.429443359375014 ], [ 12.396289062500017, 44.223876953125007 ], [ 12.691113281250013, 43.994726562499991 ], [ 12.907031250000019, 43.921191406250003 ], [ 13.295312500000023, 43.686083984375003 ], [ 13.564160156250011, 43.5712890625 ], [ 13.8046875, 43.180371093749997 ], [ 14.010449218750015, 42.689550781250013 ], [ 14.182714843750004, 42.506445312500013 ], [ 14.540722656250015, 42.244287109374994 ], [ 14.866113281250026, 42.052539062500003 ], [ 15.16875, 41.934033203125018 ], [ 15.404980468750008, 41.913232421875001 ], [ 15.964062500000013, 41.939453125 ], [ 16.164648437500006, 41.896191406250004 ], [ 16.189160156250011, 41.814013671874996 ], [ 16.151269531250026, 41.758496093750011 ], [ 15.913769531250006, 41.620849609374993 ], [ 15.900488281249999, 41.512060546874999 ], [ 16.012597656250026, 41.435400390625006 ], [ 16.551855468750006, 41.23203125 ], [ 17.103417968750016, 41.062158203125001 ], [ 17.47421875, 40.840576171875007 ], [ 17.954980468750023, 40.655175781249994 ], [ 18.036132812499989, 40.564941406250007 ], [ 18.328222656250009, 40.370849609375007 ], [ 18.460644531250018, 40.221044921874999 ], [ 18.48583984375, 40.104833984374999 ], [ 18.393457031250026, 39.903613281249989 ], [ 18.34375, 39.821386718750006 ], [ 18.219335937500002, 39.8525390625 ], [ 18.077929687500021, 39.936962890624997 ], [ 17.865039062500014, 40.280175781249994 ], [ 17.395800781250017, 40.340234375 ], [ 17.257714843750023, 40.399072265625001 ], [ 17.179980468750021, 40.502783203124991 ], [ 17.03125, 40.513476562500003 ], [ 16.928222656250007, 40.458056640625003 ], [ 16.669628906250008, 40.137207031250007 ], [ 16.529980468750015, 39.859667968749989 ], [ 16.521875, 39.747558593750007 ], [ 16.597753906250006, 39.638916015625007 ], [ 16.824316406250009, 39.578320312499997 ], [ 17.114550781250017, 39.380615234375007 ], [ 17.122949218750019, 39.136572265624999 ], [ 17.174609375000017, 38.998095703124989 ], [ 17.098535156250016, 38.919335937500009 ], [ 16.951464843750017, 38.939794921874999 ], [ 16.75546875, 38.889697265625003 ], [ 16.61669921875, 38.800146484374999 ], [ 16.558984375000019, 38.714794921874997 ], [ 16.57421875, 38.493554687499987 ], [ 16.545605468750018, 38.409082031250001 ], [ 16.282421875, 38.24956054687501 ], [ 16.056835937500015, 37.941845703124997 ], [ 15.724511718750017, 37.93911132812498 ], [ 15.645800781250017, 38.034228515625003 ], [ 15.64306640625, 38.175390625 ], [ 15.700195312500004, 38.262304687499999 ], [ 15.822363281250011, 38.302978515625007 ], [ 15.904785156250002, 38.483496093749991 ], [ 15.87890625, 38.613916015625001 ], [ 15.926953125000015, 38.671728515624999 ], [ 15.972363281250008, 38.712597656249997 ], [ 16.196777343750004, 38.75922851562499 ], [ 16.209960937500007, 38.941113281249997 ], [ 16.107421875, 39.023828125 ], [ 16.023632812500015, 39.353613281250013 ], [ 15.854394531250025, 39.626513671875003 ], [ 15.69277343750003, 39.990185546874997 ], [ 15.585156250000011, 40.052832031249991 ], [ 15.29453125, 40.070019531250004 ], [ 14.95087890625001, 40.239013671874993 ], [ 14.929101562500025, 40.309570312500007 ], [ 14.986132812500021, 40.377490234374996 ], [ 14.947656250000019, 40.469335937500006 ], [ 14.839550781250017, 40.629980468749991 ], [ 14.765722656250004, 40.668408203125011 ], [ 14.339941406250004, 40.598828125 ], [ 14.460546875, 40.728710937499997 ], [ 14.30888671875001, 40.812646484375009 ], [ 14.044335937500023, 40.812255859375007 ], [ 14.047656250000021, 40.870312500000011 ], [ 13.859765625000025, 41.129980468750006 ], [ 13.733398437499996, 41.235644531249996 ], [ 13.669726562500014, 41.254492187499999 ], [ 13.554785156250007, 41.232177734374993 ], [ 13.246875, 41.288867187499989 ], [ 13.088671875000012, 41.243847656249997 ], [ 12.84921875, 41.408740234374996 ], [ 12.630859375, 41.469677734375004 ], [ 12.075292968750006, 41.940869140624997 ], [ 11.807031250000023, 42.082031250000014 ], [ 11.637304687500004, 42.287548828124997 ], [ 11.296289062500028, 42.423291015625004 ], [ 11.141210937500009, 42.389892578125007 ], [ 11.103222656250015, 42.416601562499991 ], [ 11.184765625000017, 42.456591796874996 ], [ 11.167773437500015, 42.53515625 ], [ 10.937792968750019, 42.73872070312499 ], [ 10.803125, 42.804296875 ], [ 10.708398437500021, 42.936328124999989 ], [ 10.514843750000013, 42.967529296874993 ], [ 10.520800781250014, 43.203808593750011 ], [ 10.447558593750014, 43.371191406249999 ], [ 10.320507812500004, 43.513085937500001 ], [ 10.245800781250008, 43.852099609374996 ], [ 10.188085937500011, 43.947509765625 ], [ 10.047656250000021, 44.019970703125004 ], [ 9.730859375000028, 44.101171875 ], [ 9.289355468750022, 44.319238281249994 ], [ 8.76582031250001, 44.42231445312499 ], [ 8.551953125000011, 44.346142578125004 ], [ 8.004980468750004, 43.876757812499996 ], [ 7.493164062500002, 43.767138671874996 ], [ 7.48203125, 43.864892578124994 ], [ 7.677148437500026, 44.083154296874994 ], [ 7.637207031249999, 44.16484375 ], [ 7.318554687500015, 44.137988281249996 ], [ 6.967285156250001, 44.280029296875 ], [ 6.900195312500019, 44.335742187499989 ], [ 6.874804687500017, 44.392041015624997 ], [ 6.893847656250017, 44.428173828124997 ], [ 6.842968750000011, 44.510693359375004 ], [ 6.960351562500023, 44.677148437499994 ], [ 7.030664062500024, 44.716699218749994 ], [ 6.992675781249998, 44.827294921875001 ], [ 6.738183593750025, 44.92138671875 ], [ 6.69140625, 45.022607421875001 ], [ 6.634765625, 45.068164062499996 ], [ 6.627734375000017, 45.11796875 ], [ 6.692285156250023, 45.144287109375 ], [ 6.842285156249998, 45.135644531250001 ], [ 7.078320312500013, 45.239941406249997 ], [ 7.146386718750025, 45.381738281249994 ], [ 6.790917968750025, 45.740869140624994 ], [ 6.80449218750002, 45.814550781249999 ], [ 7.02109375, 45.92578125 ] ], [ [ 12.430566406250023, 41.89755859375002 ], [ 12.438378906250026, 41.90620117187499 ], [ 12.427539062500019, 41.900732421875006 ], [ 12.430566406250023, 41.89755859375002 ] ], [ [ 12.485253906250025, 43.901416015624996 ], [ 12.503710937500022, 43.98974609375 ], [ 12.44111328125001, 43.982421875 ], [ 12.396875, 43.934570312500014 ], [ 12.426367187500006, 43.894091796874996 ], [ 12.485253906250025, 43.901416015624996 ] ] ], [ [ [ 10.395117187500011, 42.858154296875 ], [ 10.432226562500002, 42.796582031249997 ], [ 10.419335937500019, 42.713183593749996 ], [ 10.335644531250015, 42.761132812499994 ], [ 10.13125, 42.742041015624991 ], [ 10.109765625000026, 42.785058593749994 ], [ 10.127539062500006, 42.810302734374993 ], [ 10.358984375, 42.822314453124989 ], [ 10.395117187500011, 42.858154296875 ] ] ], [ [ [ 13.938281250000021, 40.705615234375003 ], [ 13.867675781250004, 40.708740234375 ], [ 13.871191406249999, 40.761816406249999 ], [ 13.962109375000011, 40.739404296874994 ], [ 13.938281250000021, 40.705615234375003 ] ] ], [ [ [ 12.051269531250002, 36.75703125 ], [ 12.003320312500019, 36.745996093749994 ], [ 11.940625, 36.780371093749999 ], [ 11.936425781250021, 36.828613281250007 ], [ 12.024218750000015, 36.820947265625009 ], [ 12.051269531250002, 36.75703125 ] ] ], [ [ [ 15.634667968750032, 38.267578125 ], [ 15.234472656250007, 37.784814453125001 ], [ 15.099511718750025, 37.45859375 ], [ 15.116992187500021, 37.334716796875 ], [ 15.230273437500012, 37.244335937499997 ], [ 15.174121093750022, 37.209179687500004 ], [ 15.288671875, 37.096923828124993 ], [ 15.29570312500001, 37.05517578125 ], [ 15.29453125, 37.01328125 ], [ 15.18515625, 36.934814453125007 ], [ 15.115820312500009, 36.839257812499994 ], [ 15.112597656250017, 36.687841796874999 ], [ 14.889648437499995, 36.723535156250001 ], [ 14.775976562500006, 36.710400390624997 ], [ 14.501855468750023, 36.798681640624999 ], [ 14.367285156249999, 36.972851562500004 ], [ 14.259082031250021, 37.046435546875003 ], [ 14.142968750000026, 37.103662109375009 ], [ 13.905468750000015, 37.100634765624982 ], [ 13.800585937500015, 37.135888671875001 ], [ 13.3609375, 37.348730468749999 ], [ 13.169921875, 37.479296875 ], [ 12.924121093750019, 37.570507812499997 ], [ 12.640234375, 37.594335937499999 ], [ 12.526757812500019, 37.66953125 ], [ 12.435546875, 37.81977539062499 ], [ 12.547656250000022, 38.052929687500004 ], [ 12.664355468750012, 38.10791015625 ], [ 12.734375, 38.183056640624997 ], [ 12.902734375000021, 38.03486328124999 ], [ 13.049023437500015, 38.084082031249991 ], [ 13.056835937500011, 38.130908203124989 ], [ 13.159960937500021, 38.190332031250009 ], [ 13.291113281250004, 38.191455078124982 ], [ 13.681542968750021, 38.000732421875014 ], [ 13.788867187500022, 37.981201171875007 ], [ 14.05, 38.04052734375 ], [ 14.287695312500002, 38.016845703124986 ], [ 14.505957031250009, 38.045507812500006 ], [ 14.789648437500007, 38.1669921875 ], [ 15.11875, 38.152734375 ], [ 15.498730468750013, 38.290869140624991 ], [ 15.634667968750032, 38.267578125 ] ] ], [ [ [ 9.632031250000017, 40.882031250000011 ], [ 9.805273437500007, 40.499560546874989 ], [ 9.642968750000023, 40.268408203124999 ], [ 9.706738281250008, 40.017041015624997 ], [ 9.616992187500017, 39.354394531250001 ], [ 9.5625, 39.166015625 ], [ 9.486328125, 39.139550781249987 ], [ 9.264160156250005, 39.216796875 ], [ 9.149316406250017, 39.196972656249997 ], [ 9.056347656250017, 39.239160156249994 ], [ 9.022656250000011, 39.043261718750017 ], [ 8.966601562500021, 38.963720703124999 ], [ 8.881347656249996, 38.912890625 ], [ 8.648535156250006, 38.9265625 ], [ 8.41816406250001, 39.205712890625001 ], [ 8.399121093750013, 39.481591796874994 ], [ 8.447070312500015, 39.562792968749989 ], [ 8.451171875, 39.721679687500007 ], [ 8.471093750000021, 39.74809570312501 ], [ 8.540527343750004, 39.731591796875001 ], [ 8.547753906250017, 39.839208984374999 ], [ 8.495898437500017, 39.8974609375 ], [ 8.4078125, 39.917236328125007 ], [ 8.408593750000023, 40.037646484375003 ], [ 8.470800781250004, 40.130712890625006 ], [ 8.471289062500007, 40.292675781250004 ], [ 8.409179687500002, 40.35234375 ], [ 8.353222656250015, 40.500537109374996 ], [ 8.189941406250002, 40.651611328125007 ], [ 8.18085937500001, 40.77104492187501 ], [ 8.22421875, 40.913330078125 ], [ 8.36328125, 40.846337890624994 ], [ 8.571875, 40.850195312499999 ], [ 8.821191406250021, 40.949902343749997 ], [ 8.998144531250009, 41.1103515625 ], [ 9.107226562500021, 41.142919921875013 ], [ 9.182128906250002, 41.2421875 ], [ 9.228417968750025, 41.257080078125 ], [ 9.283007812500015, 41.201660156250007 ], [ 9.455175781250004, 41.150146484375 ], [ 9.538769531250013, 41.053662109374997 ], [ 9.615332031250011, 41.017285156250004 ], [ 9.5537109375, 40.93212890625 ], [ 9.632031250000017, 40.882031250000011 ] ] ], [ [ [ 8.478906250000021, 39.067529296874987 ], [ 8.421484375, 38.968652343749994 ], [ 8.3609375, 39.038671875 ], [ 8.358593750000011, 39.098779296875009 ], [ 8.478906250000021, 39.067529296874987 ] ] ], [ [ [ 8.34375, 41.101611328124996 ], [ 8.252734375000019, 40.994140625 ], [ 8.205664062500006, 40.997460937500001 ], [ 8.267382812500021, 41.09912109375 ], [ 8.320214843750021, 41.121875 ], [ 8.34375, 41.101611328124996 ] ] ] ] } },
{ "type": "Feature", "properties": { "name": "Jersey", "iso_a2": "JE" }, "geometry": { "type": "Polygon", "coordinates": [ [ [ -2.018652343749982, 49.23125 ], [ -2.009912109374991, 49.180810546875009 ], [ -2.235839843750005, 49.176367187500013 ], [ -2.220507812499986, 49.266357421875014 ], [ -2.018652343749982, 49.23125 ] ] ] } },
{ "type": "Feature", "properties": { "name": "Latvia", "iso_a2": "LV" }, "geometry": { "type": "Polygon", "coordinates": [ [ [ 26.59355468750001, 55.667529296874996 ], [ 26.28125, 55.750439453124997 ], [ 26.085546875, 55.896875 ], [ 25.663183593749999, 56.104833984374991 ], [ 25.069921875, 56.200390625 ], [ 24.903027343750018, 56.398193359375007 ], [ 24.841015625, 56.411181640624996 ], [ 24.473632812500004, 56.284082031250001 ], [ 24.120703125, 56.264257812499999 ], [ 23.812695312500015, 56.329248046875009 ], [ 23.195898437499999, 56.367138671875004 ], [ 23.04296875, 56.324072265625013 ], [ 22.968261718749993, 56.380419921874996 ], [ 22.875585937499999, 56.396435546875004 ], [ 22.5869140625, 56.375097656249999 ], [ 22.084570312500009, 56.406738281249979 ], [ 21.653515625000018, 56.314550781250013 ], [ 21.046093750000015, 56.070068359375007 ], [ 21.014941406250017, 56.258935546874994 ], [ 21.031445312500011, 56.636572265624999 ], [ 21.071289062499993, 56.823730468749993 ], [ 21.35078125, 57.017675781249984 ], [ 21.459179687500008, 57.322460937499997 ], [ 21.728710937500015, 57.57099609374999 ], [ 22.554589843750033, 57.724267578124994 ], [ 22.648632812500018, 57.595361328124994 ], [ 23.136816406250002, 57.323828125 ], [ 23.287304687500008, 57.089746093749994 ], [ 23.647753906250014, 56.971044921874999 ], [ 23.931152343749993, 57.008496093749997 ], [ 24.28125, 57.172314453125004 ], [ 24.38261718750001, 57.250048828124996 ], [ 24.40322265625003, 57.325 ], [ 24.362988281250008, 57.645312499999989 ], [ 24.301562500000017, 57.784130859374997 ], [ 24.322558593750021, 57.870605468750007 ], [ 25.111035156250001, 58.063427734375018 ], [ 25.228710937500008, 57.996582031249993 ], [ 25.27265625, 58.009375 ], [ 25.282617187500019, 58.048486328124994 ], [ 25.340039062500015, 58.039453125 ], [ 25.79375, 57.868554687500009 ], [ 25.991113281250019, 57.838183593749989 ], [ 26.298046875, 57.601074218750007 ], [ 26.462109375, 57.544482421875003 ], [ 26.53261718750003, 57.531005859374986 ], [ 26.966015625000015, 57.609130859374986 ], [ 27.187109375000013, 57.538330078125 ], [ 27.4697265625, 57.524023437500006 ], [ 27.511132812500026, 57.508154296874999 ], [ 27.538671875, 57.429785156249999 ], [ 27.828613281250004, 57.293310546874999 ], [ 27.830273437500015, 57.194482421875009 ], [ 27.717382812500006, 57.05463867187499 ], [ 27.711132812500011, 56.978076171874989 ], [ 27.639453125000021, 56.845654296874997 ], [ 27.848632812499996, 56.853417968750009 ], [ 27.881542968750022, 56.824169921875004 ], [ 27.89208984375, 56.741064453124999 ], [ 28.007519531250008, 56.599853515625007 ], [ 28.103125, 56.545703125 ], [ 28.202050781250026, 56.260400390625016 ], [ 28.14794921875, 56.142919921874999 ], [ 28.032031250000017, 56.133300781250007 ], [ 27.896289062500014, 56.076171875 ], [ 27.642285156250015, 55.91171875 ], [ 27.576757812499999, 55.79877929687499 ], [ 27.052539062500017, 55.830566406249993 ], [ 26.953027343750012, 55.812939453125004 ], [ 26.822460937500018, 55.709228515625 ], [ 26.59355468750001, 55.667529296874996 ] ] ] } },
{ "type": "Feature", "properties": { "name": "Liechtenstein", "iso_a2": "LI" }, "geometry": { "type": "Polygon", "coordinates": [ [ [ 9.580273437500015, 47.057373046875 ], [ 9.487695312500019, 47.062255859375007 ], [ 9.48427734375003, 47.17265625 ], [ 9.527539062500018, 47.270751953125007 ], [ 9.610546875000011, 47.107128906249997 ], [ 9.580273437500015, 47.057373046875 ] ] ] } },
{ "type": "Feature", "properties": { "name": "Lithuania", "iso_a2": "LT" }, "geometry": { "type": "MultiPolygon", "coordinates": [ [ [ [ 20.957812500000017, 55.27890625 ], [ 20.899804687500023, 55.286669921875003 ], [ 21.014062500000019, 55.401953125 ], [ 21.11484375, 55.616503906249996 ], [ 21.103906250000023, 55.487744140624997 ], [ 20.957812500000017, 55.27890625 ] ] ], [ [ [ 22.766210937500002, 54.356787109374999 ], [ 22.679882812500008, 54.493017578125006 ], [ 22.684472656250023, 54.562939453124997 ], [ 22.824707031249993, 54.871289062499997 ], [ 22.627441406249996, 54.970703125 ], [ 22.567285156250019, 55.059130859375003 ], [ 22.072363281250006, 55.063671875 ], [ 21.5546875, 55.1953125 ], [ 21.389257812499995, 55.275537109375001 ], [ 21.235742187500019, 55.264111328124997 ], [ 21.201074218750023, 55.343798828124996 ], [ 21.237890625, 55.455029296875004 ], [ 21.061914062500023, 55.813427734374997 ], [ 21.046093750000015, 56.070068359375007 ], [ 21.653515625000018, 56.314550781250013 ], [ 22.084570312500009, 56.406738281249979 ], [ 22.5869140625, 56.375097656249999 ], [ 22.875585937499999, 56.396435546875004 ], [ 22.968261718749993, 56.380419921874996 ], [ 23.04296875, 56.324072265625013 ], [ 23.195898437499999, 56.367138671875004 ], [ 23.812695312500015, 56.329248046875009 ], [ 24.120703125, 56.264257812499999 ], [ 24.473632812500004, 56.284082031250001 ], [ 24.841015625, 56.411181640624996 ], [ 24.903027343750018, 56.398193359375007 ], [ 25.069921875, 56.200390625 ], [ 25.663183593749999, 56.104833984374991 ], [ 26.085546875, 55.896875 ], [ 26.28125, 55.750439453124997 ], [ 26.59355468750001, 55.667529296874996 ], [ 26.566601562500015, 55.546484375 ], [ 26.457617187500009, 55.342480468750004 ], [ 26.77568359375001, 55.273095703125016 ], [ 26.6484375, 55.204199218750013 ], [ 26.601171875, 55.130175781249989 ], [ 26.291796875000014, 55.139599609375004 ], [ 26.250781250000024, 55.124511718750014 ], [ 26.175195312500026, 55.003271484375006 ], [ 25.859277343750016, 54.919287109374991 ], [ 25.722460937500028, 54.717871093749991 ], [ 25.724804687500008, 54.564257812499996 ], [ 25.620312500000011, 54.460400390624983 ], [ 25.547363281250007, 54.331835937499996 ], [ 25.748144531249999, 54.259667968749987 ], [ 25.765234375, 54.179785156249999 ], [ 25.680566406250023, 54.140478515625013 ], [ 25.510351562500006, 54.15961914062499 ], [ 25.527343749999989, 54.215136718749996 ], [ 25.461132812500018, 54.292773437500003 ], [ 25.179492187500021, 54.214257812500001 ], [ 25.04609375, 54.133056640625007 ], [ 24.869531250000016, 54.145166015625001 ], [ 24.825683593749993, 54.118994140624991 ], [ 24.768164062500002, 53.974658203124989 ], [ 24.620703125, 53.979833984374991 ], [ 24.31796875, 53.89296875 ], [ 24.191308593750026, 53.950439453125 ], [ 23.559082031249993, 53.919824218750001 ], [ 23.484667968750028, 53.939794921874991 ], [ 23.453613281249989, 54.143457031250009 ], [ 23.370117187500004, 54.200488281249996 ], [ 23.042187500000011, 54.30419921875 ], [ 23.015527343750033, 54.348339843749997 ], [ 22.893945312500019, 54.390527343750001 ], [ 22.82373046875, 54.395800781250003 ], [ 22.766210937500002, 54.356787109374999 ] ] ] ] } },
{ "type": "Feature", "properties": { "name": "Luxembourg", "iso_a2": "LU" }, "geometry": { "type": "Polygon", "coordinates": [ [ [ 6.116503906250016, 50.120996093750001 ], [ 6.109765625000025, 50.034375 ], [ 6.204882812500018, 49.915136718750006 ], [ 6.324609375000025, 49.837890625000014 ], [ 6.487304687500001, 49.798486328124987 ], [ 6.484765625000023, 49.7078125 ], [ 6.378320312500025, 49.599609375 ], [ 6.344335937500007, 49.452734375 ], [ 6.181054687500025, 49.498925781250001 ], [ 6.011425781250012, 49.445458984374994 ], [ 5.789746093750011, 49.53828125 ], [ 5.880371093750003, 49.644775390625 ], [ 5.725, 49.808300781249997 ], [ 5.744042968750025, 49.919628906249997 ], [ 5.866894531250012, 50.0828125 ], [ 5.97626953125001, 50.1671875 ], [ 6.089062500000011, 50.154589843749996 ], [ 6.116503906250016, 50.120996093750001 ] ] ] } },
{ "type": "Feature", "properties": { "name": "Malta", "iso_a2": "MT" }, "geometry": { "type": "MultiPolygon", "coordinates": [ [ [ [ 14.566210937500015, 35.852734375 ], [ 14.53271484375, 35.820214843750001 ], [ 14.436425781250025, 35.82167968749998 ], [ 14.352343750000022, 35.872265625 ], [ 14.351269531250004, 35.978417968749987 ], [ 14.448339843749999, 35.957421875 ], [ 14.566210937500015, 35.852734375 ] ] ], [ [ [ 14.313476562500002, 36.027587890625 ], [ 14.25361328125001, 36.012158203125011 ], [ 14.180371093750008, 36.060400390624999 ], [ 14.26328125, 36.075781249999977 ], [ 14.313476562500002, 36.027587890625 ] ] ] ] } },
{ "type": "Feature", "properties": { "name": "Monaco", "iso_a2": "MC" }, "geometry": { "type": "Polygon", "coordinates": [ [ [ 7.438671875000012, 43.750439453124997 ], [ 7.37773437500002, 43.731738281250003 ], [ 7.395019531249998, 43.765332031250011 ], [ 7.438671875000012, 43.750439453124997 ] ] ] } },
{ "type": "Feature", "properties": { "name": "N. Cyprus", "iso_a2": "-99" }, "geometry": { "type": "Polygon", "coordinates": [ [ [ 34.004492187499999, 35.065234375 ], [ 33.866406250000011, 35.093603515624999 ], [ 33.675390625, 35.017871093749996 ], [ 33.525683593750017, 35.038671875 ], [ 33.475781250000011, 35.000341796874999 ], [ 33.455957031250016, 35.101416015624999 ], [ 33.383789062500007, 35.162695312499999 ], [ 33.191015625000013, 35.173144531249996 ], [ 32.919531250000013, 35.08784179687499 ], [ 32.784082031250023, 35.115771484374996 ], [ 32.712695312500017, 35.171044921875009 ], [ 32.879882812499993, 35.180566406249994 ], [ 32.941601562500004, 35.390429687500003 ], [ 33.3078125, 35.341503906250004 ], [ 33.607617187500004, 35.354150390624987 ], [ 34.0634765625, 35.473974609375006 ], [ 34.4111328125, 35.629296875 ], [ 34.556054687500016, 35.662060546874997 ], [ 33.941992187499999, 35.292041015624996 ], [ 33.907910156249997, 35.202392578124993 ], [ 34.004492187499999, 35.065234375 ] ] ] } },
{ "type": "Feature", "properties": { "name": "Netherlands", "iso_a2": "NL" }, "geometry": { "type": "MultiPolygon", "coordinates": [ [ [ [ 5.993945312500016, 50.750439453125004 ], [ 5.747070312500003, 50.759570312499989 ], [ 5.693652343750017, 50.774658203125007 ], [ 5.639453125000019, 50.843603515624999 ], [ 5.75, 50.950244140624989 ], [ 5.818261718750025, 51.086425781250007 ], [ 5.827148437500003, 51.125634765624987 ], [ 5.796484375, 51.153076171875 ], [ 5.60878906250002, 51.1984375 ], [ 5.476855468750014, 51.285058593750001 ], [ 5.310839843750017, 51.259716796875004 ], [ 5.214160156250015, 51.278955078125001 ], [ 5.099902343750021, 51.346484375 ], [ 5.030957031250016, 51.469091796874999 ], [ 4.943945312500003, 51.407763671874996 ], [ 4.848046875000021, 51.403271484374997 ], [ 4.755664062500021, 51.491113281249987 ], [ 4.633984375000013, 51.421728515625006 ], [ 4.503417968750004, 51.474707031249999 ], [ 4.384765625, 51.427587890624999 ], [ 4.404003906250014, 51.367089843749987 ], [ 4.373730468750014, 51.356005859374996 ], [ 4.006542968750009, 51.443212890625006 ], [ 3.821875, 51.409375 ], [ 3.586914062500004, 51.45390625 ], [ 3.448925781250009, 51.540771484375 ], [ 3.548632812500018, 51.589111328124993 ], [ 3.743945312500022, 51.596044921874991 ], [ 3.886035156250017, 51.57421875 ], [ 4.141308593750016, 51.455761718749997 ], [ 4.274121093750015, 51.47163085937499 ], [ 4.004785156250027, 51.595849609374994 ], [ 4.182617187500003, 51.610302734375004 ], [ 3.946875, 51.810546875 ], [ 4.084863281250026, 51.994091796875011 ], [ 4.208789062500017, 52.058984375 ], [ 4.482812500000025, 52.309179687500013 ], [ 4.562109375, 52.442578125 ], [ 4.678320312500005, 52.809765625 ], [ 4.76875, 52.941308593750001 ], [ 4.887988281250017, 52.908349609375009 ], [ 5.061230468750011, 52.960644531249997 ], [ 5.358398437499998, 53.096484375 ], [ 5.445996093750009, 53.214062500000011 ], [ 5.532031250000018, 53.268701171874994 ], [ 5.873535156249997, 53.375195312499997 ], [ 6.816210937500016, 53.441162109375014 ], [ 6.968164062500023, 53.327294921875009 ], [ 7.197265625, 53.282275390624996 ], [ 7.189941406250001, 52.999511718749993 ], [ 7.050878906250009, 52.744775390624994 ], [ 7.033007812500016, 52.651367187499993 ], [ 6.748437500000025, 52.634082031249989 ], [ 6.710742187500015, 52.617871093749997 ], [ 6.691601562500009, 52.530175781250001 ], [ 6.748828125000014, 52.464013671875001 ], [ 7.001855468750027, 52.418994140624989 ], [ 7.03515625, 52.380224609374999 ], [ 7.019628906250007, 52.266015625 ], [ 6.97724609375001, 52.205517578124997 ], [ 6.724511718750025, 52.080224609375009 ], [ 6.715625, 52.036181640625003 ], [ 6.802441406250015, 51.980175781249997 ], [ 6.741796875, 51.910888671875007 ], [ 6.355664062500009, 51.824658203125004 ], [ 6.166503906250004, 51.880761718750001 ], [ 5.948730468750003, 51.802685546874997 ], [ 5.948535156250019, 51.762402343749997 ], [ 6.089355468749999, 51.637792968749999 ], [ 6.198828125, 51.45 ], [ 6.075878906250008, 51.224121093749993 ], [ 6.08242187500002, 51.179980468749996 ], [ 6.129980468750003, 51.14741210937499 ], [ 5.939257812500021, 51.040820312500003 ], [ 5.857519531250007, 51.030126953124991 ], [ 6.0484375, 50.904882812499991 ], [ 5.993945312500016, 50.750439453125004 ] ] ], [ [ [ 4.226171875, 51.386474609374993 ], [ 4.172558593750012, 51.307080078125004 ], [ 3.90205078125001, 51.207666015625009 ], [ 3.580273437500015, 51.28618164062501 ], [ 3.432519531250027, 51.245751953124994 ], [ 3.380078125, 51.291113281250006 ], [ 3.350097656250001, 51.377685546875 ], [ 3.589453125, 51.3994140625 ], [ 3.883398437500006, 51.354492187499993 ], [ 4.011035156250019, 51.395947265625011 ], [ 4.111523437500014, 51.360644531249996 ], [ 4.226171875, 51.386474609374993 ] ] ], [ [ [ 6.333398437500026, 53.510742187499993 ], [ 6.193261718750026, 53.476806640625 ], [ 6.15927734375001, 53.483935546874996 ], [ 6.290917968750024, 53.514990234374999 ], [ 6.333398437500026, 53.510742187499993 ] ] ], [ [ [ 5.929296875, 53.458837890624999 ], [ 5.73203125, 53.442626953124993 ], [ 5.654296875, 53.466503906249997 ], [ 5.876269531250014, 53.47509765625 ], [ 5.929296875, 53.458837890624999 ] ] ], [ [ [ 5.108593750000011, 53.308007812500009 ], [ 4.923730468750021, 53.234570312500004 ], [ 4.907910156250015, 53.246240234375009 ], [ 5.02705078125001, 53.310205078125009 ], [ 5.108593750000011, 53.308007812500009 ] ] ], [ [ [ 5.32578125, 53.385742187500007 ], [ 5.190234375000021, 53.391796875 ], [ 5.582617187500003, 53.438085937499991 ], [ 5.32578125, 53.385742187500007 ] ] ], [ [ [ 4.886132812500021, 53.070703125 ], [ 4.787109375, 52.999804687499996 ], [ 4.709179687500011, 53.036035156250016 ], [ 4.73984375, 53.09130859375 ], [ 4.886425781250012, 53.18330078124999 ], [ 4.886132812500021, 53.070703125 ] ] ], [ [ [ 3.949121093750029, 51.739453124999983 ], [ 4.075097656250025, 51.648779296875006 ], [ 3.950976562500017, 51.627050781249999 ], [ 3.81904296875001, 51.693994140625001 ], [ 3.731835937500026, 51.67822265625 ], [ 3.699023437500019, 51.709912109374997 ], [ 3.7890625, 51.746435546874991 ], [ 3.949121093750029, 51.739453124999983 ] ] ], [ [ [ 6.734765625000024, 53.582519531250007 ], [ 6.642089843749998, 53.579199218749991 ], [ 6.800878906250007, 53.625488281250007 ], [ 6.734765625000024, 53.582519531250007 ] ] ] ] } },
{ "type": "Feature", "properties": { "name": "Norway", "iso_a2": "-99" }, "geometry": { "type": "MultiPolygon", "coordinates": [ [ [ [ 20.622167968750002, 69.036865234375 ], [ 20.116699218750004, 69.020898437500009 ], [ 20.337109375000011, 68.899658203125 ], [ 20.348046875000019, 68.848730468750034 ], [ 20.319433593750006, 68.75405273437498 ], [ 20.240039062500014, 68.673144531250003 ], [ 19.968847656250013, 68.542041015624989 ], [ 20.240039062500014, 68.4775390625 ], [ 19.969824218750002, 68.356396484374997 ], [ 19.052636718750019, 68.492724609375003 ], [ 18.303027343750028, 68.555419921875 ], [ 18.162597656250004, 68.528417968750006 ], [ 18.176660156250009, 68.200634765624983 ], [ 17.916699218750015, 67.964892578125003 ], [ 17.324609375000019, 68.103808593750017 ], [ 16.783593750000019, 67.89501953125 ], [ 16.574121093750019, 67.619580078124983 ], [ 16.457128906250013, 67.551757812499986 ], [ 16.193554687500008, 67.505175781250003 ], [ 16.127441406249989, 67.425830078124989 ], [ 16.360644531250006, 67.252001953125017 ], [ 16.434277343750015, 67.155078125 ], [ 16.403515625000015, 67.054980468750017 ], [ 15.422949218749993, 66.48984375 ], [ 15.483789062500019, 66.305957031250031 ], [ 15.040039062499989, 66.167529296875003 ], [ 14.543261718750012, 66.129345703124997 ], [ 14.634570312500014, 65.793261718750003 ], [ 14.549511718750015, 65.646386718749994 ], [ 14.479687500000011, 65.301464843749997 ], [ 14.115136718750023, 64.94614257812502 ], [ 13.650292968750021, 64.58154296875 ], [ 14.077636718750004, 64.464013671874994 ], [ 14.148046875000013, 64.260302734375003 ], [ 14.141210937500015, 64.173535156250011 ], [ 14.06328125000001, 64.095507812500003 ], [ 13.960546875, 64.01401367187502 ], [ 13.203515625000026, 64.075097656249994 ], [ 12.792773437500008, 64.0 ], [ 12.6625, 63.940478515624982 ], [ 12.175195312500016, 63.595947265624993 ], [ 12.212109375000015, 63.49223632812501 ], [ 11.999902343750028, 63.291699218750011 ], [ 12.218164062500019, 63.000634765624994 ], [ 12.10859375, 62.919482421874996 ], [ 12.13984375000002, 62.721337890624987 ], [ 12.114550781250012, 62.591894531249991 ], [ 12.303515625000026, 62.285595703125011 ], [ 12.155371093750007, 61.720751953125024 ], [ 12.596093750000023, 61.541308593750003 ], [ 12.880761718750028, 61.352294921874993 ], [ 12.828222656250007, 61.221826171874987 ], [ 12.706054687500009, 61.059863281249996 ], [ 12.29414062500001, 61.002685546875021 ], [ 12.314648437500011, 60.892138671874989 ], [ 12.553808593750007, 60.545654296875 ], [ 12.588671875000022, 60.450732421874996 ], [ 12.515820312500004, 60.305224609375003 ], [ 12.486132812500012, 60.106787109374991 ], [ 12.169238281250008, 59.912890625 ], [ 11.932128906250002, 59.863671875 ], [ 11.834277343750014, 59.697167968749994 ], [ 11.680761718750007, 59.592285156250014 ], [ 11.798144531250014, 59.289892578125006 ], [ 11.712207031250012, 59.018652343749991 ], [ 11.642773437500011, 58.926074218749996 ], [ 11.543554687500004, 58.893017578125004 ], [ 11.470703125, 58.909521484375006 ], [ 11.365917968750017, 59.104541015624989 ], [ 10.834472656250002, 59.183935546874984 ], [ 10.644921875000021, 59.389208984375003 ], [ 10.595312500000011, 59.764550781250001 ], [ 10.53388671875002, 59.69580078125 ], [ 10.56953125, 59.587109375 ], [ 10.398144531250017, 59.51933593750001 ], [ 10.407128906250023, 59.455664062499991 ], [ 10.446386718750002, 59.443603515625 ], [ 10.431347656250017, 59.279638671874999 ], [ 10.179394531250002, 59.009277343749993 ], [ 10.083105468750011, 59.028808593750007 ], [ 9.959570312500009, 58.968212890625004 ], [ 9.842578125000022, 58.958496093750007 ], [ 9.800195312500028, 59.027050781249997 ], [ 9.635156250000021, 59.117773437499991 ], [ 9.557226562500006, 59.112695312499987 ], [ 9.696093750000017, 59.00971679687499 ], [ 9.656933593750013, 58.971191406249993 ], [ 9.309960937500023, 58.856835937500001 ], [ 9.395800781250022, 58.8056640625 ], [ 8.92841796875001, 58.569970703124987 ], [ 8.521386718750019, 58.300585937500003 ], [ 8.166113281250007, 58.1453125 ], [ 8.037402343750008, 58.147265625 ], [ 7.875585937500006, 58.079980468750009 ], [ 7.465917968750007, 58.020947265624997 ], [ 7.194140625000022, 58.04765625 ], [ 7.004882812499999, 58.02421875000001 ], [ 6.903417968750003, 58.070507812500018 ], [ 6.91230468750001, 58.142871093750017 ], [ 6.877050781250006, 58.150732421874999 ], [ 6.802832031250003, 58.154541015625 ], [ 6.731445312499999, 58.068310546875011 ], [ 6.590527343750018, 58.097314453125001 ], [ 6.55507812500002, 58.123437499999987 ], [ 6.692480468750003, 58.224023437500001 ], [ 6.659863281250012, 58.262744140625003 ], [ 6.389062500000028, 58.26796875 ], [ 6.0546875, 58.375146484375009 ], [ 5.9765625, 58.432324218750011 ], [ 5.706835937500017, 58.523632812500004 ], [ 5.5859375, 58.620410156250003 ], [ 5.51728515625001, 58.726513671875004 ], [ 5.555566406250023, 58.975195312500013 ], [ 5.612207031250023, 59.012890625 ], [ 6.099023437500027, 58.870263671875001 ], [ 6.36328125, 59.000927734374997 ], [ 6.321093750000017, 59.016455078125006 ], [ 6.09941406250002, 58.95195312500001 ], [ 5.889160156250002, 59.060498046875004 ], [ 5.889160156249999, 59.09794921875001 ], [ 5.968554687500022, 59.186132812499999 ], [ 5.937304687500013, 59.233984375000013 ], [ 5.951855468750013, 59.299072265625 ], [ 6.40390625, 59.56098632812499 ], [ 5.845214843749997, 59.35346679687499 ], [ 5.564062500000011, 59.291210937499997 ], [ 5.467578125000019, 59.203808593749997 ], [ 5.362304687500004, 59.166357421874999 ], [ 5.173242187500024, 59.16254882812499 ], [ 5.131640625000015, 59.226464843750009 ], [ 5.185058593750002, 59.453662109375017 ], [ 5.304882812500012, 59.642578125 ], [ 5.403515625000011, 59.65576171875 ], [ 5.472460937500015, 59.713085937500004 ], [ 5.772167968750014, 59.66093750000001 ], [ 5.867285156250006, 59.733984375 ], [ 6.216601562500016, 59.818359375 ], [ 5.833984375, 59.794677734374993 ], [ 5.763476562500021, 59.807910156250003 ], [ 5.73046875, 59.86308593750001 ], [ 6.069921875, 60.08349609375 ], [ 6.140527343750026, 60.233496093750006 ], [ 6.348730468750003, 60.35297851562499 ], [ 6.518066406250003, 60.407568359375006 ], [ 6.57363281250002, 60.360595703124993 ], [ 6.526855468749998, 60.152929687499999 ], [ 6.719921875, 60.418164062499997 ], [ 6.995703125, 60.511962890625 ], [ 6.346972656250014, 60.419091796875001 ], [ 6.153320312499999, 60.346240234375003 ], [ 5.904394531250004, 60.150634765625021 ], [ 5.8765625, 60.070019531249997 ], [ 5.698828125, 60.010009765625 ], [ 5.494531250000028, 59.825585937499994 ], [ 5.145800781250019, 59.63881835937498 ], [ 5.110742187500023, 59.667822265624999 ], [ 5.104882812500025, 59.731689453125 ], [ 5.119238281250002, 59.83369140624999 ], [ 5.219531250000016, 59.978759765625007 ], [ 5.174414062500013, 60.04570312500001 ], [ 5.205664062500007, 60.08793945312501 ], [ 5.494531250000025, 60.0703125 ], [ 5.688574218750008, 60.123193359375001 ], [ 5.657617187500019, 60.15410156250001 ], [ 5.417382812500027, 60.15410156250001 ], [ 5.285839843750013, 60.205712890625001 ], [ 5.18359375, 60.308398437500003 ], [ 5.137109375000022, 60.445605468750003 ], [ 5.16816406250001, 60.484814453124983 ], [ 5.64833984375002, 60.687988281250014 ], [ 5.589355468749999, 60.694287109374997 ], [ 5.447363281250005, 60.617333984374994 ], [ 5.244042968750023, 60.569580078125 ], [ 5.115820312500002, 60.635986328125 ], [ 5.049121093750022, 60.707519531249993 ], [ 5.008593750000016, 61.038183593749991 ], [ 5.095410156250008, 61.071337890625017 ], [ 5.505273437500025, 61.056103515625004 ], [ 5.98398437500001, 61.117333984375009 ], [ 6.41796875, 61.08427734375001 ], [ 6.609863281250001, 61.137011718749996 ], [ 6.777832031249996, 61.142431640625006 ], [ 6.972070312500021, 61.055957031250003 ], [ 6.980566406250007, 60.994140625 ], [ 7.038671875, 60.952929687500003 ], [ 7.07792968750002, 60.96630859375 ], [ 7.040136718750007, 61.091162109374991 ], [ 7.545019531250007, 61.177148437499994 ], [ 7.604492187499996, 61.210546875 ], [ 7.40390625, 61.22216796875 ], [ 7.346582031250022, 61.30058593750001 ], [ 7.442578125000013, 61.43461914062501 ], [ 7.331152343750009, 61.37202148437499 ], [ 7.276269531250021, 61.283935546874993 ], [ 7.298046875, 61.213623046875014 ], [ 7.27597656250001, 61.18095703125001 ], [ 7.173535156250017, 61.165966796875004 ], [ 6.94257812500001, 61.160546874999987 ], [ 6.657031250000018, 61.206591796875003 ], [ 6.610253906250023, 61.229101562500006 ], [ 6.625878906250025, 61.279296875 ], [ 6.599902343750015, 61.289648437500006 ], [ 6.492578125000019, 61.154589843750003 ], [ 6.383496093750013, 61.133886718749999 ], [ 6.082519531250003, 61.167285156250017 ], [ 5.646777343750015, 61.147607421874987 ], [ 5.451269531250009, 61.10234375 ], [ 5.32460937500002, 61.108251953124999 ], [ 5.106738281250017, 61.187548828125017 ], [ 5.021679687500013, 61.250585937499999 ], [ 5.002734375000014, 61.43359375 ], [ 5.33867187500002, 61.485498046874994 ], [ 5.167578125, 61.543359375 ], [ 5.099414062500013, 61.62016601562501 ], [ 4.996679687500003, 61.64521484374999 ], [ 4.927832031250009, 61.710693359375007 ], [ 4.930078125000025, 61.878320312499994 ], [ 4.985058593750011, 61.90043945312501 ], [ 5.465332031249999, 61.896923828125004 ], [ 6.015820312500009, 61.7875 ], [ 6.466699218750023, 61.807421875000024 ], [ 6.730761718750016, 61.86977539062498 ], [ 6.131152343750012, 61.852441406249987 ], [ 5.473046875000022, 61.94560546875001 ], [ 5.266894531250018, 61.93559570312501 ], [ 5.159570312500024, 61.956982421875011 ], [ 5.096484375000021, 62.02666015625001 ], [ 5.143164062500006, 62.159912109375 ], [ 5.240917968750018, 62.188671875 ], [ 5.357714843750014, 62.151708984374991 ], [ 5.484277343750024, 62.239111328124991 ], [ 5.533300781250004, 62.310888671875006 ], [ 5.718164062500028, 62.378906250000021 ], [ 5.908300781250002, 62.416015625 ], [ 6.083496093749998, 62.349609375 ], [ 6.208984375, 62.352783203125007 ], [ 6.580078125, 62.407275390625003 ], [ 6.692382812499998, 62.468066406250017 ], [ 6.136132812500023, 62.407470703125014 ], [ 6.11845703125002, 62.447167968749987 ], [ 6.2375, 62.519921875 ], [ 6.272851562500027, 62.583837890624984 ], [ 6.352929687500026, 62.611132812499989 ], [ 6.96113281250001, 62.62675781250001 ], [ 7.57011718750001, 62.548193359375006 ], [ 7.690722656250012, 62.585595703124994 ], [ 7.527441406250008, 62.610302734374997 ], [ 7.538378906250016, 62.67207031249999 ], [ 7.8046875, 62.720996093750017 ], [ 8.095507812500026, 62.731835937500001 ], [ 8.045507812500004, 62.771240234374993 ], [ 7.408398437500015, 62.711767578125006 ], [ 7.242089843750021, 62.75234375 ], [ 6.77998046875001, 62.700732421875003 ], [ 6.734960937500008, 62.720703125 ], [ 6.940429687500003, 62.93046875000001 ], [ 7.389062500000019, 63.023291015625006 ], [ 7.571875, 63.099511718749987 ], [ 8.100585937499993, 63.090966796875009 ], [ 8.211132812500013, 62.995507812500016 ], [ 8.623144531250013, 62.846240234375003 ], [ 8.609179687500008, 62.880566406250026 ], [ 8.235156250000019, 63.082177734374987 ], [ 8.158007812500021, 63.161523437499994 ], [ 8.184472656250019, 63.23652343749999 ], [ 8.271484375, 63.286572265625004 ], [ 8.580175781250004, 63.31337890624998 ], [ 8.635546875000012, 63.342333984375003 ], [ 8.64101562500003, 63.392089843750021 ], [ 8.59375, 63.426123046875013 ], [ 8.38652343750001, 63.445263671874997 ], [ 8.360742187500023, 63.498876953125006 ], [ 8.576171875, 63.601171875 ], [ 8.842382812500002, 63.64589843749998 ], [ 9.135839843750011, 63.593652343749987 ], [ 9.158105468750028, 63.566259765624999 ], [ 9.075878906250015, 63.500390625 ], [ 9.084179687500008, 63.463427734374989 ], [ 9.15605468750001, 63.459326171875006 ], [ 9.323632812500014, 63.570361328125017 ], [ 9.696875, 63.624560546875003 ], [ 9.936035156250004, 63.478857421874999 ], [ 9.979199218750008, 63.395263671875 ], [ 10.020996093749998, 63.39082031249999 ], [ 10.080566406249996, 63.432714843749991 ], [ 10.340039062500008, 63.46933593750002 ], [ 10.760156250000021, 63.461279296874984 ], [ 10.67363281250001, 63.55800781249998 ], [ 10.725292968750017, 63.625 ], [ 11.370703125, 63.804833984375009 ], [ 11.307617187499991, 63.875732421875 ], [ 11.17558593750001, 63.898876953125004 ], [ 11.457617187500004, 64.002978515625003 ], [ 11.306640625, 64.048876953124989 ], [ 11.0751953125, 63.988134765624984 ], [ 10.914257812500018, 63.921093749999983 ], [ 11.047265625000026, 63.845214843750021 ], [ 10.934863281250022, 63.770214843750011 ], [ 10.339160156250026, 63.571044921875007 ], [ 10.055078125000014, 63.512695312500007 ], [ 9.924023437500004, 63.52177734375001 ], [ 9.767480468750017, 63.699511718749996 ], [ 9.59462890625003, 63.678955078125007 ], [ 9.567285156250032, 63.706152343749991 ], [ 9.614746093749995, 63.794824218749994 ], [ 9.708007812500002, 63.864892578125016 ], [ 9.864453125000022, 63.917822265624984 ], [ 10.009960937500018, 64.083154296875009 ], [ 10.236230468750017, 64.179638671874997 ], [ 10.565625, 64.418310546875006 ], [ 10.833984375, 64.494482421874991 ], [ 10.932324218750006, 64.57773437500002 ], [ 11.225390625, 64.679492187500003 ], [ 11.523828125000019, 64.744384765625 ], [ 11.632910156250004, 64.813916015624997 ], [ 11.296777343750014, 64.754785156249994 ], [ 11.349902343750017, 64.905908203124994 ], [ 11.489355468750009, 64.975830078125 ], [ 12.159667968750005, 65.178955078125 ], [ 12.306542968750023, 65.085986328125003 ], [ 12.508398437500009, 65.099414062500017 ], [ 12.915527343749996, 65.339257812499994 ], [ 12.417578125, 65.18408203125 ], [ 12.363867187500006, 65.193310546874997 ], [ 12.333984375, 65.240722656250014 ], [ 12.199609375000023, 65.245458984375006 ], [ 12.133886718750009, 65.279150390625006 ], [ 12.122167968750004, 65.362353515625003 ], [ 12.272851562500023, 65.568164062500003 ], [ 12.627734375000012, 65.80615234375 ], [ 12.688867187500023, 65.902197265625006 ], [ 12.816796875000026, 65.952880859375 ], [ 13.033105468750028, 65.95625 ], [ 12.976074218750005, 66.019189453124994 ], [ 12.794921875, 66.069091796875014 ], [ 12.7837890625, 66.100439453124991 ], [ 13.387109375000016, 66.182763671874994 ], [ 13.674414062499999, 66.179980468749989 ], [ 14.034179687499991, 66.297558593749983 ], [ 13.973144531249996, 66.31972656249998 ], [ 13.11884765625002, 66.230664062499997 ], [ 13.068164062500021, 66.430810546875009 ], [ 13.1046875, 66.539404296875006 ], [ 13.191601562500011, 66.537158203125017 ], [ 13.21142578125, 66.640820312499997 ], [ 13.311816406250028, 66.701855468749983 ], [ 13.450390625, 66.715527343749997 ], [ 13.62109375, 66.794824218749994 ], [ 13.959472656249993, 66.794335937500009 ], [ 13.704101562500004, 66.85166015625002 ], [ 13.6515625, 66.907080078125006 ], [ 13.880175781250006, 66.964892578125017 ], [ 14.108789062500023, 67.11923828125002 ], [ 14.775585937500018, 67.194482421874994 ], [ 15.415722656250011, 67.202441406250017 ], [ 15.434765625000011, 67.246679687499991 ], [ 14.44169921875001, 67.271386718749994 ], [ 14.754980468750004, 67.499023437500028 ], [ 14.961914062500007, 67.574267578124989 ], [ 15.409375, 67.474169921875003 ], [ 15.552929687500002, 67.351757812499997 ], [ 15.59443359375002, 67.348535156250009 ], [ 15.575683593749991, 67.443847656249986 ], [ 15.691503906249999, 67.521386718749994 ], [ 15.661328125, 67.54282226562502 ], [ 15.487304687500002, 67.514794921874994 ], [ 15.24873046875001, 67.602148437500006 ], [ 15.218652343750019, 67.655371093750006 ], [ 15.345800781250009, 67.734423828125017 ], [ 15.30390625000001, 67.765283203124994 ], [ 15.040820312500006, 67.682568359374997 ], [ 14.781347656250009, 67.674902343749991 ], [ 14.821093750000012, 67.749853515625006 ], [ 14.798925781249997, 67.809326171875014 ], [ 15.048437500000016, 67.955761718749997 ], [ 15.134277343750005, 67.972705078125017 ], [ 15.40087890625, 67.919628906250011 ], [ 15.621386718750021, 67.948291015625003 ], [ 15.605761718750006, 67.987890625 ], [ 15.356933593749986, 68.003613281249997 ], [ 15.292871093750026, 68.036474609375006 ], [ 15.316015625000016, 68.06875 ], [ 15.656640625000025, 68.164355468750003 ], [ 16.007910156249995, 68.228710937499983 ], [ 16.064550781250009, 68.199902343749997 ], [ 16.120800781250015, 68.02734375 ], [ 16.2607421875, 67.886572265625006 ], [ 16.312304687500021, 67.881445312500006 ], [ 16.258593750000031, 68.001220703125 ], [ 16.391992187500019, 68.091601562500003 ], [ 16.259765625, 68.14453125 ], [ 16.174804687500007, 68.28125 ], [ 16.203808593750008, 68.31674804687502 ], [ 16.387890625, 68.38955078124998 ], [ 16.618847656250022, 68.406298828124989 ], [ 16.951367187500015, 68.354687500000011 ], [ 17.552832031250013, 68.42626953125 ], [ 17.571191406250026, 68.447460937499997 ], [ 17.426171875000012, 68.48193359375 ], [ 16.584863281250016, 68.466455078124994 ], [ 16.525292968750033, 68.490673828124997 ], [ 16.514355468750022, 68.53256835937502 ], [ 16.65185546875, 68.625781250000017 ], [ 16.884667968750012, 68.685400390624991 ], [ 17.131152343750028, 68.69345703125002 ], [ 17.390820312500015, 68.799365234375017 ], [ 17.490039062500021, 68.878759765625006 ], [ 17.546289062500016, 69.001123046875009 ], [ 17.704589843749989, 69.100048828124997 ], [ 18.101464843750023, 69.156298828125003 ], [ 18.078710937499995, 69.325244140625003 ], [ 18.259765625, 69.470605468749994 ], [ 18.645507812500007, 69.321875 ], [ 18.858984375, 69.314453125 ], [ 18.915917968750023, 69.335595703125009 ], [ 18.62441406250003, 69.434375 ], [ 18.614453125000026, 69.490576171875034 ], [ 18.991113281250009, 69.561132812499991 ], [ 19.038378906250024, 69.660400390625 ], [ 19.197265624999989, 69.747851562499989 ], [ 19.687011718749993, 69.804736328125017 ], [ 19.722460937500021, 69.781640624999966 ], [ 19.641503906250026, 69.424023437500026 ], [ 19.736816406249996, 69.503808593750009 ], [ 19.864648437500009, 69.722119140624983 ], [ 19.960546875000013, 69.824609375 ], [ 20.068945312500013, 69.883447265624994 ], [ 20.32421875, 69.945312499999986 ], [ 20.387207031249989, 69.867626953124997 ], [ 20.33818359375001, 69.616650390624997 ], [ 20.04375, 69.355664062499997 ], [ 20.054492187500017, 69.332666015625009 ], [ 20.107226562500014, 69.34121093749998 ], [ 20.486718750000019, 69.542089843750034 ], [ 20.739453125, 69.520507812500014 ], [ 20.5625, 69.6328125 ], [ 20.532714843750014, 69.692333984374997 ], [ 20.545996093750006, 69.851074218749986 ], [ 20.622070312500007, 69.91391601562502 ], [ 21.163085937500004, 69.889501953125006 ], [ 21.253710937500003, 70.003222656250017 ], [ 21.432910156250003, 70.01318359375 ], [ 21.931738281250013, 69.814697265625014 ], [ 21.974707031250013, 69.834570312500034 ], [ 21.892578125, 70.004248046875006 ], [ 21.802734375, 70.066064453124994 ], [ 21.400390624999986, 70.174462890625009 ], [ 21.346289062500002, 70.208251953125 ], [ 21.355761718750006, 70.233398437499986 ], [ 21.538769531250001, 70.257666015624991 ], [ 21.780273437499996, 70.229882812500009 ], [ 21.995507812500012, 70.293359374999966 ], [ 22.054394531250022, 70.275976562500034 ], [ 22.219433593750001, 70.309179687500006 ], [ 22.321972656250011, 70.264501953124991 ], [ 22.384765624999982, 70.277734375 ], [ 22.421191406250024, 70.337597656249997 ], [ 22.684570312499996, 70.374755859375014 ], [ 22.941210937500031, 70.304980468750003 ], [ 23.046484375, 70.101855468750017 ], [ 23.257910156249991, 69.993310546874994 ], [ 23.353906250000012, 69.9833984375 ], [ 23.400195312500003, 70.019775390625 ], [ 23.286035156250009, 70.104833984374991 ], [ 23.329101562500014, 70.207226562500011 ], [ 23.37939453125, 70.247460937499994 ], [ 23.661230468749999, 70.399755859375006 ], [ 23.897167968750001, 70.478759765625 ], [ 24.038476562500023, 70.4853515625 ], [ 24.285546875000026, 70.662402343750017 ], [ 24.420019531249995, 70.702001953124991 ], [ 24.403515625, 70.7453125 ], [ 24.268164062499995, 70.772705078124986 ], [ 24.263476562500035, 70.826318359375009 ], [ 24.658007812500035, 71.001025390625017 ], [ 24.764746093749999, 71.00844726562498 ], [ 25.264648437500011, 70.843505859374986 ], [ 25.435937500000026, 70.911865234375 ], [ 25.711914062499993, 70.869726562500006 ], [ 25.768164062500009, 70.853173828125009 ], [ 25.781445312500001, 70.816796875 ], [ 25.273535156250006, 70.552392578124994 ], [ 25.209277343750024, 70.489404296875009 ], [ 25.146386718750026, 70.324023437500017 ], [ 24.994238281249995, 70.218212890625011 ], [ 24.982714843750024, 70.143994140624997 ], [ 25.043847656250033, 70.109033203125009 ], [ 25.211816406250005, 70.136474609374986 ], [ 25.418847656250023, 70.235498046874994 ], [ 25.470507812500003, 70.340576171875 ], [ 26.506933593750002, 70.912792968749983 ], [ 26.661328125000015, 70.939746093750003 ], [ 26.733984375, 70.853564453125003 ], [ 26.675488281250022, 70.740966796875014 ], [ 26.558203125000013, 70.669140625 ], [ 26.644628906249988, 70.636230468750014 ], [ 26.585058593749988, 70.410009765624991 ], [ 26.989355468750002, 70.511376953124994 ], [ 27.183691406250002, 70.744042968750009 ], [ 27.309375, 70.803564453125006 ], [ 27.546484375000013, 70.804003906250003 ], [ 27.555664062499989, 70.827392578125 ], [ 27.269042968750018, 70.910009765625006 ], [ 27.235253906250019, 70.947216796875011 ], [ 27.597070312500012, 71.091308593749986 ], [ 28.141699218750013, 71.043017578125031 ], [ 28.392285156249994, 70.975292968749997 ], [ 28.382714843750023, 70.869433593750017 ], [ 28.326855468750022, 70.825195312499986 ], [ 27.950976562500017, 70.717578124999989 ], [ 27.898046875000016, 70.677929687499983 ], [ 27.998828125, 70.664257812500011 ], [ 28.215625, 70.704345703125028 ], [ 28.271777343750006, 70.667968749999986 ], [ 28.202734375, 70.576904296875 ], [ 28.166015625, 70.360400390625031 ], [ 28.19296875, 70.248583984375003 ], [ 28.309863281249999, 70.443066406250011 ], [ 28.437304687500017, 70.501367187500009 ], [ 28.484765625000019, 70.618798828124994 ], [ 28.609375, 70.759667968749994 ], [ 28.831542968749996, 70.863964843749983 ], [ 29.10234375000001, 70.860742187499966 ], [ 29.39765625, 70.734130859375014 ], [ 29.6390625, 70.705029296874997 ], [ 29.7375, 70.646826171874977 ], [ 30.065136718750015, 70.70297851562502 ], [ 30.237695312500023, 70.622167968750006 ], [ 30.213183593750028, 70.54331054687502 ], [ 30.595898437499983, 70.523681640624986 ], [ 30.926367187500006, 70.401123046874986 ], [ 30.960644531249997, 70.343847656250006 ], [ 30.944140625000017, 70.274414062500014 ], [ 30.468945312500001, 70.197851562500006 ], [ 30.262988281249996, 70.124707031249997 ], [ 29.925878906250002, 70.096484375 ], [ 28.78115234375003, 70.145410156250009 ], [ 28.804296874999984, 70.092529296875 ], [ 29.60136718750001, 69.976757812499983 ], [ 29.646875, 69.943701171874991 ], [ 29.621386718750003, 69.874072265624974 ], [ 29.635937500000011, 69.780126953124991 ], [ 29.694628906249996, 69.744580078124997 ], [ 30.088281250000023, 69.717578125 ], [ 30.155175781250026, 69.745947265625006 ], [ 30.180078125, 69.841162109374991 ], [ 30.23759765625001, 69.862207031250009 ], [ 30.348828125, 69.834570312499991 ], [ 30.428320312500006, 69.72226562500002 ], [ 30.484375, 69.794873046875011 ], [ 30.869726562500006, 69.783447265625 ], [ 30.924121093750024, 69.651757812500009 ], [ 30.896679687500022, 69.561230468749997 ], [ 30.788867187500014, 69.528515625 ], [ 30.615429687500018, 69.532568359375006 ], [ 30.159765624999981, 69.6298828125 ], [ 30.196484375, 69.580566406250014 ], [ 30.18671875, 69.542773437500003 ], [ 30.087304687500005, 69.432861328125014 ], [ 29.832714843750008, 69.360449218750006 ], [ 29.388281250000027, 69.298144531250017 ], [ 29.209960937500004, 69.097021484375006 ], [ 28.965820312499989, 69.02197265625 ], [ 28.832617187499995, 69.118994140624991 ], [ 28.84628906250002, 69.176904296874994 ], [ 29.333398437500026, 69.47299804687502 ], [ 29.141601562499975, 69.671435546875003 ], [ 28.41171875, 69.822753906249986 ], [ 27.889941406250014, 70.061669921874994 ], [ 27.747851562500014, 70.06484375 ], [ 27.127539062500006, 69.906494140625 ], [ 26.740234375000011, 69.933056640625011 ], [ 26.525390625, 69.915039062499986 ], [ 26.308203125000016, 69.781933593749983 ], [ 26.072460937500001, 69.69155273437498 ], [ 25.961523437500009, 69.588623046875 ], [ 25.850195312500009, 69.366503906249989 ], [ 25.7671875, 69.282666015624997 ], [ 25.748339843750014, 68.990136718749994 ], [ 25.575292968750013, 68.887158203124997 ], [ 25.24912109375002, 68.821337890625017 ], [ 25.086914062499996, 68.639599609374997 ], [ 24.94140625, 68.593261718749986 ], [ 23.997363281250021, 68.798437500000034 ], [ 23.854003906249993, 68.805908203125014 ], [ 23.70703125, 68.7138671875 ], [ 23.324023437500014, 68.648974609375017 ], [ 23.144335937500006, 68.642578125 ], [ 23.07167968750003, 68.674365234375003 ], [ 22.4109375, 68.719873046874994 ], [ 22.300390625, 68.85585937499998 ], [ 21.59375, 69.273583984374994 ], [ 21.266796875000022, 69.273681640625 ], [ 21.066113281250011, 69.214111328125 ], [ 21.052636718750041, 69.186572265625003 ], [ 21.127832031250016, 69.080810546875 ], [ 21.065722656250017, 69.041748046874986 ], [ 20.675878906250002, 69.069482421875009 ], [ 20.622167968750002, 69.036865234375 ] ] ], [ [ [ 4.958691406250009, 61.084570312500006 ], [ 4.79902343750001, 61.082714843749997 ], [ 4.824414062500011, 61.178222656249993 ], [ 4.915429687500023, 61.19936523437498 ], [ 4.973242187500008, 61.148242187499989 ], [ 4.958691406250009, 61.084570312500006 ] ] ], [ [ [ 5.050195312500017, 60.38896484375001 ], [ 5.089062500000012, 60.18876953125001 ], [ 4.996972656250026, 60.197753906250007 ], [ 4.943554687500013, 60.272412109374997 ], [ 4.930078125000022, 60.412060546875004 ], [ 4.957226562500011, 60.447265625000014 ], [ 4.990625, 60.452050781250009 ], [ 5.050195312500017, 60.38896484375001 ] ] ], [ [ [ 30.055175781249996, 69.838378906250014 ], [ 29.766210937500013, 69.767529296874983 ], [ 29.744238281249991, 69.791601562499991 ], [ 29.835839843750026, 69.905566406250003 ], [ 30.055175781249996, 69.838378906250014 ] ] ], [ [ [ 12.003222656250026, 65.679443359375014 ], [ 11.901855468750007, 65.595703125000014 ], [ 11.778320312500007, 65.604541015624989 ], [ 11.765136718750002, 65.630957031250006 ], [ 11.800390625000013, 65.683886718750017 ], [ 11.875390625000026, 65.705908203125006 ], [ 12.003222656250026, 65.679443359375014 ] ] ], [ [ [ 8.470800781250009, 63.667138671874994 ], [ 8.287109375, 63.687158203125009 ], [ 8.708886718750023, 63.774316406249994 ], [ 8.733398437500002, 63.801318359375017 ], [ 8.809179687500009, 63.771435546875004 ], [ 8.786523437500021, 63.703466796875006 ], [ 8.470800781250009, 63.667138671874994 ] ] ], [ [ [ 8.102734375000015, 63.337597656250011 ], [ 7.88828125, 63.352343750000017 ], [ 7.804003906250015, 63.413916015624984 ], [ 8.073535156250015, 63.470800781249984 ], [ 8.136132812500026, 63.431347656250011 ], [ 8.14091796875001, 63.36640625 ], [ 8.102734375000015, 63.337597656250011 ] ] ], [ [ [ 23.440527343750009, 70.815771484375006 ], [ 23.387109375000019, 70.75390625 ], [ 23.068164062500003, 70.594091796874991 ], [ 22.8291015625, 70.541552734374989 ], [ 22.656054687500021, 70.559033203125011 ], [ 22.557519531250012, 70.515869140625 ], [ 22.358691406250014, 70.51479492187498 ], [ 22.16875, 70.562109375 ], [ 21.994531250000016, 70.65712890624998 ], [ 22.350292968750018, 70.657666015624997 ], [ 22.420996093750009, 70.702587890624997 ], [ 22.858105468750001, 70.728417968749994 ], [ 22.963574218750022, 70.710986328125003 ], [ 23.2046875, 70.815478515625031 ], [ 23.395605468749984, 70.842578125000017 ], [ 23.440527343750009, 70.815771484375006 ] ] ], [ [ [ 25.586328125, 71.142089843750014 ], [ 25.945019531250029, 71.104638671874994 ], [ 26.077636718749993, 71.033154296874997 ], [ 26.146875, 71.039501953124997 ], [ 26.133789062499982, 70.995800781250011 ], [ 25.760156250000016, 70.953808593750011 ], [ 25.58203125, 70.960791015625006 ], [ 25.48203125, 71.019580078124989 ], [ 25.314941406249982, 71.034130859374997 ], [ 25.586328125, 71.142089843750014 ] ] ], [ [ [ 23.615332031249988, 70.549316406249972 ], [ 23.641015625000026, 70.463964843749991 ], [ 23.270703125000011, 70.29648437500002 ], [ 23.100292968750018, 70.296093750000011 ], [ 23.090625, 70.377636718749997 ], [ 23.005957031250013, 70.352783203125 ], [ 22.917871093750026, 70.384667968750009 ], [ 22.941015625, 70.444580078125 ], [ 23.022460937499986, 70.48691406250002 ], [ 23.248046875, 70.505126953125014 ], [ 23.546679687500006, 70.617089843749994 ], [ 23.615332031249988, 70.549316406249972 ] ] ], [ [ [ 24.017578125, 70.5673828125 ], [ 23.827148437499986, 70.52749023437498 ], [ 23.670117187500018, 70.59707031249998 ], [ 23.66328125, 70.675244140624997 ], [ 23.689160156249997, 70.722802734374994 ], [ 23.778417968749995, 70.747363281250003 ], [ 23.95644531250003, 70.699609375 ], [ 24.078320312500022, 70.650585937499983 ], [ 24.017578125, 70.5673828125 ] ] ], [ [ [ 13.537988281250028, 68.2490234375 ], [ 14.118847656250013, 68.246826171875 ], [ 14.029296875, 68.187548828125017 ], [ 13.887695312500005, 68.168505859375017 ], [ 13.778417968750013, 68.10498046875 ], [ 13.583984375, 68.093847656250006 ], [ 13.495214843750006, 68.05166015624998 ], [ 13.424218750000019, 68.082763671875 ], [ 13.391503906250026, 68.021240234375 ], [ 13.229394531250019, 67.995361328125 ], [ 13.199511718750022, 68.08725585937502 ], [ 13.30019531250003, 68.160449218750003 ], [ 13.428710937499998, 68.163232421875023 ], [ 13.537988281250028, 68.2490234375 ] ] ], [ [ [ 13.098242187500006, 67.956445312499994 ], [ 12.82402343750001, 67.821240234374997 ], [ 12.957714843750018, 68.015478515625006 ], [ 13.068066406250004, 68.071337890625003 ], [ 13.122851562500026, 68.049414062500006 ], [ 13.098242187500006, 67.956445312499994 ] ] ], [ [ [ 15.128125, 69.003955078125003 ], [ 15.396582031250004, 68.78359375 ], [ 15.348437500000014, 68.672412109374989 ], [ 15.222070312500025, 68.61630859375002 ], [ 14.890234375000016, 68.610986328124994 ], [ 14.743457031250014, 68.677197265625011 ], [ 14.52080078125001, 68.633056640625014 ], [ 14.404687500000012, 68.66323242187498 ], [ 14.373437500000023, 68.711425781250014 ], [ 14.553710937500002, 68.818847656250014 ], [ 14.801855468749999, 68.790966796875011 ], [ 14.872363281250022, 68.913867187500003 ], [ 15.0375, 68.894287109375 ], [ 15.037792968750008, 69.000537109375003 ], [ 15.128125, 69.003955078125003 ] ] ], [ [ [ 19.767480468750023, 70.216699218750023 ], [ 19.910449218750021, 70.201904296874986 ], [ 20.084277343750021, 70.128564453125009 ], [ 20.088476562500009, 70.102050781250014 ], [ 19.780859375, 70.077441406250003 ], [ 19.710839843750026, 70.165332031250003 ], [ 19.613476562500022, 70.21909179687502 ], [ 19.59902343750003, 70.266162109375003 ], [ 19.683789062500004, 70.273583984374994 ], [ 19.767480468750023, 70.216699218750023 ] ] ], [ [ [ 20.779199218750026, 70.089746093749994 ], [ 20.642578125, 70.05703125 ], [ 20.464257812500016, 70.0765625 ], [ 20.405078125, 70.119140624999986 ], [ 20.41171875, 70.154882812500006 ], [ 20.492773437500009, 70.203320312499997 ], [ 20.654882812500002, 70.230859375 ], [ 20.819433593749995, 70.20546875 ], [ 20.779199218750026, 70.089746093749994 ] ] ], [ [ [ 19.255078125000011, 70.066406249999986 ], [ 19.34375, 70.011962890625014 ], [ 19.499511718750007, 70.047900390625003 ], [ 19.607812500000026, 70.019140625 ], [ 19.59228515625, 69.970166015624983 ], [ 19.442382812499989, 69.908398437500011 ], [ 19.334765625, 69.820263671874997 ], [ 19.130859375, 69.81044921874998 ], [ 19.007812499999986, 69.759570312500017 ], [ 18.806933593750017, 69.639843750000011 ], [ 18.784765625000013, 69.579003906249994 ], [ 18.274121093750004, 69.535498046875006 ], [ 18.129882812500004, 69.557861328125 ], [ 18.061523437500007, 69.602099609375003 ], [ 18.227441406250016, 69.635742187499986 ], [ 18.232031250000016, 69.676757812499986 ], [ 18.315039062499991, 69.71547851562498 ], [ 18.349316406250015, 69.767871093750003 ], [ 18.512402343750001, 69.768652343749991 ], [ 18.62431640625001, 69.813037109375003 ], [ 18.674023437500015, 69.781640625 ], [ 18.686523437499996, 69.890917968750003 ], [ 18.88320312500003, 70.010546875 ], [ 19.050976562500001, 70.037841796875 ], [ 19.074902343750004, 70.085693359375 ], [ 19.060058593749993, 70.166601562499991 ], [ 19.132714843750033, 70.244140625 ], [ 19.21269531250001, 70.247460937499994 ], [ 19.249414062500023, 70.17856445312502 ], [ 19.255078125000011, 70.066406249999986 ] ] ], [ [ [ 12.778808593749991, 65.99169921875 ], [ 12.429492187500026, 65.899072265625009 ], [ 12.430175781249993, 65.939941406250014 ], [ 12.548828125, 66.001904296874997 ], [ 12.778808593749991, 65.99169921875 ] ] ], [ [ [ 12.576367187500013, 66.071923828124994 ], [ 12.32734375, 66.03662109375 ], [ 12.461328125000023, 66.185009765624983 ], [ 12.527441406250009, 66.210546875 ], [ 12.620800781250002, 66.177929687499983 ], [ 12.62265625, 66.122460937500009 ], [ 12.576367187500013, 66.071923828124994 ] ] ], [ [ [ 11.246191406250007, 64.907910156249997 ], [ 11.179003906250019, 64.838037109375009 ], [ 11.0625, 64.860400390625003 ], [ 10.832519531249998, 64.84311523437502 ], [ 10.73984375, 64.8703125 ], [ 10.813476562499995, 64.92324218749998 ], [ 11.020996093749996, 64.978710937499997 ], [ 11.132617187500026, 64.976171875 ], [ 11.246191406250007, 64.907910156249997 ] ] ], [ [ [ 17.503027343750002, 69.596240234375003 ], [ 17.623242187500008, 69.5390625 ], [ 17.783691406249989, 69.563037109375003 ], [ 18.004101562500022, 69.504980468749991 ], [ 18.076757812500013, 69.395751953125 ], [ 17.942089843750015, 69.328710937499991 ], [ 17.920703125000024, 69.274316406249994 ], [ 17.950683593750011, 69.198144531249994 ], [ 17.568164062500021, 69.160400390624986 ], [ 17.487890625, 69.196826171875003 ], [ 17.160937500000017, 69.025927734375003 ], [ 17.082519531250004, 69.013671875 ], [ 17.077050781250012, 69.046630859375 ], [ 16.810449218750009, 69.070703125 ], [ 16.842578125000021, 69.112353515624989 ], [ 16.971777343750013, 69.137890625 ], [ 17.001757812500021, 69.36191406250002 ], [ 17.083007812500007, 69.398828125 ], [ 17.360839843750011, 69.381494140624994 ], [ 17.394531249999989, 69.416699218749997 ], [ 17.373437500000019, 69.438867187499994 ], [ 17.229882812500012, 69.477685546875009 ], [ 17.251953125000011, 69.503808593750009 ], [ 17.45361328125, 69.53017578124998 ], [ 17.503027343750002, 69.596240234375003 ] ] ], [ [ [ 15.760351562500011, 68.561230468749997 ], [ 15.908593750000025, 68.650488281250006 ], [ 16.059570312500011, 68.680517578124991 ], [ 16.127441406250007, 68.74643554687502 ], [ 16.150585937500001, 68.842382812500006 ], [ 16.275585937500001, 68.86831054687498 ], [ 16.425195312500009, 68.841552734374986 ], [ 16.547363281249993, 68.716552734375 ], [ 16.519238281250008, 68.633007812499997 ], [ 16.193945312500006, 68.538476562499994 ], [ 15.975292968750013, 68.40249023437498 ], [ 15.763671875, 68.409082031249994 ], [ 15.682519531250017, 68.356005859375003 ], [ 15.4375, 68.312841796875006 ], [ 15.341406250000013, 68.325292968750006 ], [ 15.337011718749999, 68.378222656250003 ], [ 15.279687500000021, 68.373828125000017 ], [ 15.187890625000017, 68.310400390624991 ], [ 15.037695312500013, 68.282714843749986 ], [ 14.926855468750004, 68.306591796874997 ], [ 14.62890625, 68.198486328125 ], [ 14.257519531250013, 68.190771484375006 ], [ 14.257226562500032, 68.256933593750006 ], [ 14.585839843750032, 68.400341796874997 ], [ 15.095312500000016, 68.44140625 ], [ 15.412597656250005, 68.615820312500006 ], [ 15.489257812499988, 68.805322265624994 ], [ 15.564257812500005, 68.873730468749997 ], [ 15.529003906250002, 68.912402343750003 ], [ 15.443652343750019, 68.919189453125 ], [ 15.438476562499998, 68.978564453125003 ], [ 15.483007812500009, 69.04345703125 ], [ 15.892675781249991, 69.277880859374989 ], [ 16.048046875000018, 69.302050781250003 ], [ 16.129492187500002, 69.273925781249986 ], [ 16.11484375, 69.216406250000034 ], [ 15.992675781249995, 69.112646484375006 ], [ 15.81171875, 69.024218749999989 ], [ 15.833789062500008, 68.960742187500003 ], [ 15.905859375, 68.908496093750003 ], [ 15.927929687500001, 68.733203125 ], [ 15.760351562500011, 68.561230468749997 ] ] ] ] } },
{ "type": "Feature", "properties": { "name": "Poland", "iso_a2": "PL" }, "geometry": { "type": "Polygon", "coordinates": [ [ [ 23.539648437500009, 51.618896484375 ], [ 23.6796875, 51.394921874999987 ], [ 23.664453125000019, 51.31005859375 ], [ 23.863476562500011, 51.126220703125007 ], [ 23.985742187500012, 50.9404296875 ], [ 24.095800781250002, 50.872753906249997 ], [ 24.105761718750014, 50.844970703125007 ], [ 23.978417968750023, 50.785595703125004 ], [ 24.046289062500016, 50.722802734375001 ], [ 24.094726562499996, 50.617041015624999 ], [ 24.089941406250009, 50.53046875 ], [ 23.97265625, 50.410058593749994 ], [ 23.711718750000017, 50.37734375 ], [ 23.036328125000015, 49.899072265625001 ], [ 22.706152343749999, 49.606201171875 ], [ 22.6494140625, 49.539013671875004 ], [ 22.732421875, 49.295166015625007 ], [ 22.705664062500009, 49.17119140625001 ], [ 22.847070312500019, 49.08125 ], [ 22.809765625000011, 49.020751953125007 ], [ 22.020117187500013, 49.209521484375003 ], [ 21.967675781250026, 49.299072265624993 ], [ 21.890136718749996, 49.343457031250004 ], [ 21.6396484375, 49.411962890624991 ], [ 21.079394531250014, 49.418261718749989 ], [ 21.001171875000022, 49.33984375 ], [ 20.868457031250006, 49.314697265625 ], [ 20.616113281250016, 49.391699218750006 ], [ 20.362988281250018, 49.385253906250007 ], [ 20.163671875, 49.31640625 ], [ 20.0576171875, 49.181298828124994 ], [ 19.916113281250006, 49.221386718749997 ], [ 19.756640625000021, 49.204394531249989 ], [ 19.787988281250019, 49.269970703125004 ], [ 19.77392578125, 49.372167968750006 ], [ 19.630273437500026, 49.406640624999987 ], [ 19.441601562500015, 49.59770507812501 ], [ 19.250195312500004, 49.511425781249997 ], [ 19.149414062500004, 49.4 ], [ 18.968359375, 49.396240234375007 ], [ 18.938183593750008, 49.498291015624993 ], [ 18.832226562500001, 49.510791015624996 ], [ 18.806933593750021, 49.613720703124983 ], [ 18.594628906250019, 49.7578125 ], [ 18.562402343750023, 49.879345703124997 ], [ 18.348437500000014, 49.929833984374994 ], [ 18.305273437500002, 49.9140625 ], [ 18.028320312499996, 50.035253906249991 ], [ 17.983789062500019, 49.999072265624996 ], [ 17.83125, 49.983300781250001 ], [ 17.627050781250002, 50.11640625 ], [ 17.589355468750007, 50.157470703125014 ], [ 17.709277343750006, 50.193554687500011 ], [ 17.735449218749999, 50.230761718749982 ], [ 17.702246093750009, 50.307177734374996 ], [ 17.415234375000018, 50.254785156250001 ], [ 17.151953125, 50.378320312499987 ], [ 16.880078125000011, 50.427050781249989 ], [ 16.98964843750003, 50.236914062499999 ], [ 16.63916015625, 50.102148437499991 ], [ 16.334179687500015, 50.366894531250011 ], [ 16.210351562500023, 50.423730468750001 ], [ 16.356640625000018, 50.500488281250007 ], [ 16.419726562500021, 50.573632812500001 ], [ 16.282226562499989, 50.655615234374999 ], [ 16.007226562500019, 50.611621093749996 ], [ 15.948535156250024, 50.670263671874999 ], [ 15.730566406250011, 50.739697265624997 ], [ 15.354394531250028, 50.811767578124993 ], [ 15.277050781250011, 50.88300781249999 ], [ 15.258593750000017, 50.958544921874996 ], [ 14.99375, 51.014355468749997 ], [ 14.982910156250002, 50.886572265624991 ], [ 14.809375, 50.858984375 ], [ 14.963867187499998, 51.095117187500001 ], [ 15.016601562499996, 51.25273437500001 ], [ 14.905957031250013, 51.463330078125004 ], [ 14.724707031250006, 51.523876953124997 ], [ 14.724902343750015, 51.66171875 ], [ 14.601660156250009, 51.832373046874999 ], [ 14.674902343750009, 51.904833984375003 ], [ 14.752539062500006, 52.081835937499996 ], [ 14.70458984375, 52.110205078124991 ], [ 14.679882812500008, 52.25 ], [ 14.615625, 52.277636718750003 ], [ 14.554589843750017, 52.359667968749996 ], [ 14.61943359375001, 52.528515625000011 ], [ 14.514062500000025, 52.645605468749999 ], [ 14.128613281250011, 52.878222656249989 ], [ 14.138867187500018, 52.932861328125 ], [ 14.368554687500032, 53.105566406249999 ], [ 14.410937500000024, 53.19902343750001 ], [ 14.414550781250007, 53.283496093749989 ], [ 14.25888671875, 53.729638671875016 ], [ 14.583496093750004, 53.639355468750004 ], [ 14.552148437500021, 53.707324218749996 ], [ 14.558398437500015, 53.823193359374997 ], [ 14.21367187500001, 53.870751953125001 ], [ 14.198242187499993, 53.919042968749991 ], [ 14.211425781250004, 53.950341796875009 ], [ 14.384179687500021, 53.924707031249994 ], [ 15.288378906250014, 54.139892578125007 ], [ 16.186328125000017, 54.290380859374999 ], [ 16.559765625, 54.553808593750006 ], [ 16.885449218750001, 54.596386718749997 ], [ 17.261914062500015, 54.729541015624996 ], [ 18.085644531250011, 54.835839843750001 ], [ 18.323437500000015, 54.838183593750003 ], [ 18.759277343750004, 54.6845703125 ], [ 18.799609375000024, 54.633349609375003 ], [ 18.436230468750004, 54.744726562499991 ], [ 18.669628906250008, 54.430908203125007 ], [ 18.976269531250008, 54.348925781250003 ], [ 19.407128906250026, 54.386083984375006 ], [ 19.60439453125003, 54.45917968749999 ], [ 22.168457031250007, 54.35986328125 ], [ 22.731835937500023, 54.35009765625 ], [ 22.82373046875, 54.395800781250003 ], [ 22.893945312500019, 54.390527343750001 ], [ 23.453613281249989, 54.143457031250009 ], [ 23.477636718750013, 53.958935546874997 ], [ 23.598925781250014, 53.59921875 ], [ 23.789257812500011, 53.270947265624997 ], [ 23.887109375000019, 53.027539062500004 ], [ 23.916308593750017, 52.81875 ], [ 23.901269531250023, 52.703613281250007 ], [ 23.410937500000024, 52.516210937499991 ], [ 23.175097656250017, 52.286621093750014 ], [ 23.597949218750024, 52.103076171874989 ], [ 23.652441406249999, 52.040380859374999 ], [ 23.607421875, 51.879785156249994 ], [ 23.625683593750008, 51.809326171875 ], [ 23.544824218750012, 51.710253906249996 ], [ 23.539648437500009, 51.618896484375 ] ] ] } },
{ "type": "Feature", "properties": { "name": "Portugal", "iso_a2": "PT" }, "geometry": { "type": "Polygon", "coordinates": [ [ [ -8.777148437499994, 41.941064453125001 ], [ -8.589648437499994, 42.052734375 ], [ -8.266064453124979, 42.137402343749997 ], [ -8.213085937499981, 42.133691406249987 ], [ -8.129980468749974, 42.018164062500013 ], [ -8.224755859374991, 41.895849609374999 ], [ -8.152490234374994, 41.81196289062499 ], [ -7.920849609374981, 41.883642578125006 ], [ -7.693066406249984, 41.888476562499996 ], [ -7.403613281249986, 41.833691406250011 ], [ -7.209619140624996, 41.895263671875 ], [ -7.195361328124985, 41.955224609375001 ], [ -7.147119140624991, 41.981152343749997 ], [ -7.030468749999983, 41.950634765625011 ], [ -6.618261718749975, 41.9423828125 ], [ -6.557519531249994, 41.874121093749991 ], [ -6.542187499999981, 41.672509765624987 ], [ -6.308056640624984, 41.6421875 ], [ -6.243115234374986, 41.601806640625 ], [ -6.2125, 41.53203125000001 ], [ -6.403125, 41.375390625 ], [ -6.690136718749978, 41.214501953125001 ], [ -6.77578125, 41.107714843749982 ], [ -6.928466796874996, 41.009130859374999 ], [ -6.835888671874985, 40.777490234374994 ], [ -6.818359374999989, 40.654052734375007 ], [ -6.852050781249996, 40.443261718750001 ], [ -6.810156249999973, 40.343115234375006 ], [ -7.014697265624993, 40.208349609374991 ], [ -7.032617187499985, 40.167919921874997 ], [ -6.896093749999979, 40.021826171874999 ], [ -6.975390625, 39.79838867187501 ], [ -7.03671874999997, 39.713964843750006 ], [ -7.117675781250002, 39.681689453124996 ], [ -7.535693359374985, 39.661572265625004 ], [ -7.44511718749999, 39.536181640624996 ], [ -7.335449218749993, 39.465136718750003 ], [ -7.305761718749981, 39.338134765624993 ], [ -7.172412109374988, 39.135205078125004 ], [ -7.04296875, 39.107080078124987 ], [ -6.997949218749992, 39.056445312499989 ], [ -7.046044921874995, 38.90703125 ], [ -7.281542968749989, 38.714550781249997 ], [ -7.343017578124999, 38.457421875 ], [ -7.106396484374983, 38.181005859374999 ], [ -6.957568359374986, 38.187890625 ], [ -7.022851562499993, 38.04472656250001 ], [ -7.18544921874999, 38.006347656250014 ], [ -7.443945312499972, 37.728271484375 ], [ -7.503515624999979, 37.585498046874989 ], [ -7.406152343749999, 37.179443359375007 ], [ -7.49360351562498, 37.168310546874999 ], [ -7.834130859374996, 37.005712890624999 ], [ -7.939697265624999, 37.005419921875003 ], [ -8.136767578124982, 37.077050781249994 ], [ -8.59765625, 37.121337890625007 ], [ -8.739111328124972, 37.074609374999987 ], [ -8.848437499999983, 37.075683593750007 ], [ -8.935351562499989, 37.016015625 ], [ -8.997802734374996, 37.032275390624996 ], [ -8.814160156249983, 37.430810546875001 ], [ -8.791845703124963, 37.7328125 ], [ -8.822656249999987, 37.871875 ], [ -8.878955078125001, 37.958691406249997 ], [ -8.80224609375, 38.183837890625 ], [ -8.810937499999989, 38.29975585937499 ], [ -8.881103515625002, 38.446679687499987 ], [ -8.668310546874975, 38.424316406249993 ], [ -8.798876953124989, 38.518164062499999 ], [ -9.21328125, 38.448095703124999 ], [ -9.203369140624993, 38.538964843749987 ], [ -9.250390625, 38.65673828125 ], [ -9.09331054687499, 38.696679687500009 ], [ -9.021484375, 38.746875 ], [ -8.97705078125, 38.802929687499997 ], [ -9.000488281249998, 38.903027343749997 ], [ -8.938085937499974, 38.998095703124989 ], [ -8.791601562499977, 39.078173828125003 ], [ -8.954296874999981, 39.016064453125011 ], [ -9.135791015624978, 38.742773437500013 ], [ -9.356738281249985, 38.697900390624994 ], [ -9.474121093750009, 38.730859374999987 ], [ -9.414355468749989, 39.112109374999989 ], [ -9.352832031249985, 39.248144531250006 ], [ -9.374755859374993, 39.338281249999987 ], [ -9.148291015624981, 39.542578125 ], [ -8.837841796874978, 40.115673828125011 ], [ -8.886621093750001, 40.179443359375 ], [ -8.872656249999975, 40.259082031250003 ], [ -8.772412109374983, 40.605664062499997 ], [ -8.684619140624985, 40.752539062499999 ], [ -8.659814453124993, 41.086279296874999 ], [ -8.805664062500004, 41.560009765625004 ], [ -8.810839843749992, 41.651953125000013 ], [ -8.755419921874994, 41.698388671875009 ], [ -8.846386718749986, 41.705175781249999 ], [ -8.887597656249991, 41.764599609375011 ], [ -8.878222656249983, 41.832080078124989 ], [ -8.777148437499994, 41.941064453125001 ] ] ] } },
{ "type": "Feature", "properties": { "name": "Romania", "iso_a2": "RO" }, "geometry": { "type": "Polygon", "coordinates": [ [ [ 28.07470703125, 45.598974609374991 ], [ 28.317675781250021, 45.347119140624997 ], [ 28.451269531249999, 45.2921875 ], [ 28.760742187500004, 45.234130859375007 ], [ 28.791406250000023, 45.25190429687499 ], [ 28.78173828125, 45.309863281249996 ], [ 28.894335937500017, 45.289941406249994 ], [ 29.223535156250012, 45.402929687500006 ], [ 29.403710937500016, 45.419677734375007 ], [ 29.567675781250021, 45.370800781249997 ], [ 29.705859375000021, 45.259912109374994 ], [ 29.635351562500002, 44.979638671874987 ], [ 29.557519531250026, 44.843408203125009 ], [ 29.048242187500009, 44.757568359375 ], [ 29.081054687499996, 44.798828124999986 ], [ 29.047753906250019, 44.925683593749994 ], [ 29.0953125, 44.975048828124997 ], [ 28.980664062500015, 44.992919921875014 ], [ 28.891503906250023, 44.918652343750004 ], [ 28.926171875000026, 44.810009765625011 ], [ 28.849023437500026, 44.71630859375 ], [ 28.807031250000019, 44.565039062499999 ], [ 28.888183593749993, 44.57475585937501 ], [ 28.645410156250019, 44.295654296875007 ], [ 28.658593750000016, 43.98383789062499 ], [ 28.585351562500023, 43.742236328125003 ], [ 28.22197265625001, 43.772851562500001 ], [ 28.05, 43.822412109374994 ], [ 27.884277343750004, 43.987353515624996 ], [ 27.738574218750003, 43.956298828125007 ], [ 27.670898437499989, 43.997802734375 ], [ 27.425390625, 44.0205078125 ], [ 27.086914062500004, 44.167382812499994 ], [ 26.489257812499996, 44.083984374999986 ], [ 26.215820312499996, 44.007275390624997 ], [ 25.933398437500014, 43.87055664062499 ], [ 25.818847656250004, 43.766845703125007 ], [ 25.497070312499989, 43.670800781250009 ], [ 25.159667968750011, 43.686328125 ], [ 24.43056640625003, 43.794384765625004 ], [ 24.226757812500022, 43.763476562500003 ], [ 23.224609375, 43.873876953125006 ], [ 22.919042968750006, 43.834472656250007 ], [ 22.867675781249989, 43.864550781250003 ], [ 22.868261718749999, 43.947900390624994 ], [ 23.024414062500004, 44.047216796874999 ], [ 23.028515625000011, 44.077978515624999 ], [ 22.687890625000023, 44.248291015625 ], [ 22.683300781250011, 44.286474609375006 ], [ 22.530664062500019, 44.377978515625003 ], [ 22.494531250000016, 44.435449218749987 ], [ 22.55400390625001, 44.540332031249989 ], [ 22.70078125, 44.555517578125013 ], [ 22.734375, 44.569921875 ], [ 22.720898437500011, 44.605517578125003 ], [ 22.497656250000013, 44.70625 ], [ 22.350683593750006, 44.676123046874999 ], [ 22.200976562500024, 44.560693359374994 ], [ 22.09306640625001, 44.541943359375004 ], [ 22.026953125, 44.619873046875 ], [ 21.909277343750009, 44.666113281250013 ], [ 21.636132812500023, 44.710449218750007 ], [ 21.523144531250011, 44.790087890624996 ], [ 21.360058593750008, 44.826660156250007 ], [ 21.357910156249996, 44.861816406249993 ], [ 21.532324218750002, 44.900683593749996 ], [ 21.352929687500023, 45.008984375 ], [ 21.420703125000014, 45.032958984375014 ], [ 21.490234375, 45.147900390625004 ], [ 21.43144531250001, 45.192529296874994 ], [ 21.023828125000016, 45.321533203125 ], [ 20.794042968750013, 45.467871093749991 ], [ 20.775, 45.749804687499989 ], [ 20.709277343750017, 45.735253906249994 ], [ 20.581152343750002, 45.869482421875013 ], [ 20.358593750000011, 45.975488281249987 ], [ 20.241796875, 46.108593750000011 ], [ 20.508105468750017, 46.166943359375011 ], [ 20.613671875000023, 46.133496093750004 ], [ 20.707421875000023, 46.172802734375004 ], [ 20.76025390625, 46.246240234375001 ], [ 21.039843750000014, 46.242236328125003 ], [ 21.121679687500006, 46.282421875 ], [ 21.191796875000019, 46.391552734375004 ], [ 21.264550781250023, 46.412304687499997 ], [ 21.252246093750014, 46.486376953124982 ], [ 21.320214843750019, 46.607812499999987 ], [ 21.497070312499996, 46.704296875 ], [ 21.49443359375001, 46.789746093749997 ], [ 21.652636718750021, 46.963769531250009 ], [ 21.661425781250021, 47.04389648437499 ], [ 21.785449218750014, 47.138134765625011 ], [ 21.869335937500015, 47.304589843750001 ], [ 21.995312500000015, 47.395703125 ], [ 21.999707031250015, 47.505029296875001 ], [ 22.290625, 47.727832031249996 ], [ 22.491406250000015, 47.772558593750013 ], [ 22.608398437500007, 47.766308593750011 ], [ 22.876660156250004, 47.947265625 ], [ 23.054785156250009, 48.00654296874999 ], [ 23.13945312500001, 48.087402343750007 ], [ 23.408203125, 47.989990234374986 ], [ 23.669042968749995, 47.992333984374987 ], [ 24.177734375, 47.906054687500003 ], [ 24.484082031250011, 47.947119140625013 ], [ 24.578906250000017, 47.931054687499994 ], [ 24.893359375000021, 47.717773437500007 ], [ 25.073828125, 47.745703125000169 ], [ 25.169628906250011, 47.823095703125006 ], [ 25.464257812500023, 47.910791015624994 ], [ 26.162695312500009, 47.992529296875006 ], [ 26.276953125, 48.113232421874997 ], [ 26.305664062499996, 48.203759765625001 ], [ 26.713769531250012, 48.263476562500003 ], [ 26.900976562499999, 48.21113281249999 ], [ 26.98076171875001, 48.155029296875007 ], [ 27.152050781250008, 47.959277343749989 ], [ 27.336914062499989, 47.639746093749991 ], [ 27.46484375, 47.536669921875003 ], [ 27.614062500000021, 47.340527343749997 ], [ 27.767968750000023, 47.227587890624989 ], [ 27.853808593750017, 47.114501953124993 ], [ 28.071777343750007, 46.978417968749994 ], [ 28.239453125, 46.64082031249999 ], [ 28.22265625, 46.508056640624993 ], [ 28.244335937500001, 46.451269531249991 ], [ 28.119140625, 46.138671875 ], [ 28.099707031249999, 45.972607421874997 ], [ 28.159765625, 45.647119140624987 ], [ 28.07470703125, 45.598974609374991 ] ] ] } },
{ "type": "Feature", "properties": { "name": "San Marino", "iso_a2": "SM" }, "geometry": { "type": "Polygon", "coordinates": [ [ [ 12.485253906250025, 43.901416015624996 ], [ 12.426367187500006, 43.894091796874996 ], [ 12.396875, 43.934570312500014 ], [ 12.44111328125001, 43.982421875 ], [ 12.503710937500022, 43.98974609375 ], [ 12.485253906250025, 43.901416015624996 ] ] ] } },
{ "type": "Feature", "properties": { "name": "Slovakia", "iso_a2": "SK" }, "geometry": { "type": "Polygon", "coordinates": [ [ [ 22.538671875, 49.07270507812499 ], [ 22.389453125000024, 48.873486328124997 ], [ 22.295214843750014, 48.685839843749989 ], [ 22.14287109375001, 48.568505859375009 ], [ 22.111328125, 48.39335937500001 ], [ 21.721484375000014, 48.346582031249994 ], [ 21.563183593750011, 48.495703125 ], [ 21.451367187500015, 48.552246093749993 ], [ 21.067285156250026, 48.505908203125003 ], [ 20.866601562500016, 48.545654296874993 ], [ 20.490039062500017, 48.526904296874982 ], [ 20.333789062500024, 48.295556640625001 ], [ 19.950390625, 48.146630859374987 ], [ 19.898632812500018, 48.131347656249993 ], [ 19.625390625000019, 48.223095703124997 ], [ 19.564257812500014, 48.212841796875004 ], [ 19.466992187500011, 48.110693359375006 ], [ 18.914160156250006, 48.05083007812501 ], [ 18.791894531250019, 48.000292968749996 ], [ 18.750097656250006, 47.939453125 ], [ 18.778027343750011, 47.852880859374999 ], [ 18.72421875, 47.787158203125003 ], [ 17.761914062500011, 47.770166015625001 ], [ 17.635253906250007, 47.809912109374999 ], [ 17.317285156250023, 47.990917968749997 ], [ 17.147363281250016, 48.005957031250006 ], [ 17.0859375, 48.03955078125 ], [ 16.865429687500008, 48.38691406249999 ], [ 16.862695312500023, 48.44140625 ], [ 16.943359375, 48.550927734375009 ], [ 16.985253906250026, 48.676904296874987 ], [ 17.135644531250026, 48.841064453124993 ], [ 17.188476562500004, 48.8609375 ], [ 17.482617187500015, 48.82778320312498 ], [ 17.758496093750004, 48.888134765624997 ], [ 17.91328125, 48.998730468750004 ], [ 18.0859375, 49.065136718749997 ], [ 18.160937500000014, 49.257373046875003 ], [ 18.36484375, 49.33623046875001 ], [ 18.596484375000014, 49.491455078124986 ], [ 18.938183593750008, 49.498291015624993 ], [ 18.968359375, 49.396240234375007 ], [ 19.149414062500004, 49.4 ], [ 19.250195312500004, 49.511425781249997 ], [ 19.441601562500015, 49.59770507812501 ], [ 19.630273437500026, 49.406640624999987 ], [ 19.77392578125, 49.372167968750006 ], [ 19.787988281250019, 49.269970703125004 ], [ 19.756640625000021, 49.204394531249989 ], [ 19.802246093749993, 49.192333984374997 ], [ 19.916113281250006, 49.221386718749997 ], [ 20.0576171875, 49.181298828124994 ], [ 20.163671875, 49.31640625 ], [ 20.362988281250018, 49.385253906250007 ], [ 20.616113281250016, 49.391699218750006 ], [ 20.799511718750011, 49.328662109374996 ], [ 20.947265625, 49.317089843749997 ], [ 21.079394531250014, 49.418261718749989 ], [ 21.35048828125003, 49.428759765624982 ], [ 21.6396484375, 49.411962890624991 ], [ 21.890136718749996, 49.343457031250004 ], [ 21.967675781250026, 49.299072265624993 ], [ 22.020117187500013, 49.209521484375003 ], [ 22.538671875, 49.07270507812499 ] ] ] } },
{ "type": "Feature", "properties": { "name": "Slovenia", "iso_a2": "SI" }, "geometry": { "type": "Polygon", "coordinates": [ [ [ 16.516210937500002, 46.499902343750001 ], [ 16.321191406250026, 46.534619140625004 ], [ 16.236718750000019, 46.483837890625004 ], [ 16.253320312500023, 46.389111328124997 ], [ 16.227441406250019, 46.372851562499996 ], [ 16.066503906250009, 46.371337890625 ], [ 15.933300781250015, 46.277636718749996 ], [ 15.635937500000011, 46.200732421874989 ], [ 15.592578125000019, 46.139990234374999 ], [ 15.666210937500011, 46.048486328124987 ], [ 15.652148437500014, 45.862158203124991 ], [ 15.277050781250008, 45.732617187499997 ], [ 15.353710937500008, 45.659912109375 ], [ 15.283593750000025, 45.5796875 ], [ 15.339453125, 45.467041015625007 ], [ 15.242089843750023, 45.44140625 ], [ 14.954589843749996, 45.499902343750001 ], [ 14.793066406250007, 45.478222656250004 ], [ 14.568847656249998, 45.6572265625 ], [ 14.369921875000019, 45.481445312499993 ], [ 14.085546875, 45.477832031250003 ], [ 13.992773437500013, 45.509423828124994 ], [ 13.878710937500017, 45.428369140625001 ], [ 13.615234375, 45.476757812499997 ], [ 13.577929687500019, 45.516894531249996 ], [ 13.71982421875, 45.587597656249983 ], [ 13.874707031250017, 45.61484375 ], [ 13.721679687499995, 45.761279296874989 ], [ 13.583398437500028, 45.812353515624991 ], [ 13.600585937499996, 45.979785156249996 ], [ 13.487695312500017, 45.987109375 ], [ 13.486425781250009, 46.03955078125 ], [ 13.616601562500023, 46.133105468749996 ], [ 13.63251953125001, 46.177050781249996 ], [ 13.420996093750009, 46.212304687499987 ], [ 13.378222656250021, 46.261621093750001 ], [ 13.399511718749997, 46.317529296875001 ], [ 13.6796875, 46.462890625 ], [ 13.7, 46.520263671875 ], [ 14.549804687500004, 46.399707031249996 ], [ 14.756738281250026, 46.499121093750006 ], [ 14.893261718750013, 46.605908203125004 ], [ 15.216992187500011, 46.642968749999987 ], [ 15.439257812500019, 46.629638671875 ], [ 15.632617187500024, 46.6984375 ], [ 15.766894531250019, 46.711279296874999 ], [ 15.957617187500013, 46.677636718749994 ], [ 15.976855468750014, 46.801367187499991 ], [ 16.093066406250014, 46.86328125 ], [ 16.283593750000019, 46.857275390624991 ], [ 16.335449218750004, 46.721630859375004 ], [ 16.384570312500017, 46.680810546875001 ], [ 16.38125, 46.638671875000014 ], [ 16.516210937500002, 46.499902343750001 ] ] ] } },
{ "type": "Feature", "properties": { "name": "Spain", "iso_a2": "ES" }, "geometry": { "type": "MultiPolygon", "coordinates": [ [ [ [ 1.593945312500008, 38.672070312499997 ], [ 1.405761718750002, 38.670996093749991 ], [ 1.401953125, 38.711425781250007 ], [ 1.436328125000019, 38.768212890625001 ], [ 1.496875, 38.7119140625 ], [ 1.592675781250024, 38.701464843749996 ], [ 1.593945312500008, 38.672070312499997 ] ] ], [ [ [ 3.145312500000018, 39.790087890624996 ], [ 3.241113281250022, 39.756689453125006 ], [ 3.395898437500026, 39.777294921875004 ], [ 3.448925781250011, 39.76123046875 ], [ 3.461816406250024, 39.69775390625 ], [ 3.244726562500003, 39.386621093749994 ], [ 3.072851562500008, 39.30126953125 ], [ 2.799804687500001, 39.38505859375001 ], [ 2.745996093750024, 39.510253906250007 ], [ 2.700585937500024, 39.542138671875001 ], [ 2.634082031250014, 39.556201171874996 ], [ 2.499511718750001, 39.477880859375006 ], [ 2.370019531250028, 39.572070312499996 ], [ 2.371289062500012, 39.613085937499996 ], [ 2.784960937500016, 39.854833984374991 ], [ 3.15869140625, 39.970507812500003 ], [ 3.197558593750018, 39.961083984375001 ], [ 3.16445312500002, 39.92421875 ], [ 3.198632812500023, 39.88984375 ], [ 3.145312500000018, 39.790087890624996 ] ] ], [ [ [ 4.293652343750013, 39.841845703124989 ], [ 3.8671875, 39.958740234375014 ], [ 3.842675781250021, 39.976367187499996 ], [ 3.853417968750023, 40.063037109374989 ], [ 4.059179687500007, 40.075097656250001 ], [ 4.225781250000012, 40.032373046875001 ], [ 4.31513671875001, 39.917236328125007 ], [ 4.293652343750013, 39.841845703124989 ] ] ], [ [ [ 1.445214843750023, 38.918701171875007 ], [ 1.40898437500002, 38.857275390624999 ], [ 1.223339843750009, 38.903857421875003 ], [ 1.348632812500001, 39.080810546875 ], [ 1.564453125, 39.121044921875011 ], [ 1.613183593750023, 39.08740234375 ], [ 1.623632812500007, 39.038818359375 ], [ 1.445214843750023, 38.918701171875007 ] ] ], [ [ [ -1.794042968749976, 43.407324218749991 ], [ -1.792724609375001, 43.372558593750014 ], [ -1.712841796874979, 43.30703125 ], [ -1.410693359374989, 43.240087890624991 ], [ -1.422607421874998, 43.14912109374999 ], [ -1.48046875, 43.071142578125013 ], [ -1.428759765624991, 43.036767578124994 ], [ -1.370507812499992, 43.03759765625 ], [ -1.300048828124997, 43.100976562500001 ], [ -1.285449218749989, 43.059619140624996 ], [ -1.175439453124991, 43.021142578124994 ], [ -0.933837890624998, 42.94951171875001 ], [ -0.762646484374982, 42.939794921874999 ], [ -0.586425781250003, 42.798974609374994 ], [ -0.299316406250003, 42.825341796875001 ], [ -0.041162109374992, 42.689111328124987 ], [ 0.201367187500012, 42.719335937500006 ], [ 0.25546875, 42.692919921874996 ], [ 0.631640625000018, 42.689599609374994 ], [ 0.651757812500026, 42.800439453124994 ], [ 0.696875, 42.84511718749998 ], [ 1.349414062500018, 42.690673828125007 ], [ 1.428320312500004, 42.595898437499997 ], [ 1.448828125, 42.437451171874983 ], [ 1.706054687499998, 42.503320312500009 ], [ 1.927929687500014, 42.426318359374996 ], [ 1.986523437500013, 42.358496093750006 ], [ 2.20039062500001, 42.420947265625003 ], [ 2.651660156250018, 42.340478515624987 ], [ 2.701855468750015, 42.408496093750003 ], [ 2.891406250000017, 42.4560546875 ], [ 3.211425781249998, 42.43115234375 ], [ 3.306738281250011, 42.288964843749994 ], [ 3.166406250000025, 42.256494140624994 ], [ 3.150390625, 42.162451171874999 ], [ 3.238085937500018, 42.082226562500004 ], [ 3.248046875, 41.944238281250009 ], [ 3.004882812500003, 41.767431640625006 ], [ 2.310937500000023, 41.466503906249997 ], [ 2.082617187500009, 41.287402343749996 ], [ 1.032910156250009, 41.062060546874982 ], [ 0.714648437500022, 40.822851562499999 ], [ 0.796093750000013, 40.803808593749999 ], [ 0.891113281249995, 40.722363281249997 ], [ 0.720605468750022, 40.63046875 ], [ 0.596093750000021, 40.614501953124993 ], [ 0.363671875000028, 40.319042968750011 ], [ -0.075146484374982, 39.875927734375004 ], [ -0.327001953124976, 39.51987304687502 ], [ -0.328955078124973, 39.417089843749999 ], [ -0.204931640624973, 39.062597656249999 ], [ -0.034130859374979, 38.891210937499999 ], [ 0.154882812500006, 38.824658203124997 ], [ 0.201562500000019, 38.75917968749998 ], [ -0.052734375, 38.585693359375 ], [ -0.38125, 38.435644531249999 ], [ -0.520800781249988, 38.317285156249994 ], [ -0.550683593749998, 38.203125 ], [ -0.646777343749993, 38.151855468750007 ], [ -0.683203124999977, 37.992041015625006 ], [ -0.814648437499981, 37.769921875 ], [ -0.823095703124977, 37.711621093749997 ], [ -0.721582031249995, 37.631054687499997 ], [ -0.822167968749995, 37.580761718750004 ], [ -1.327539062499996, 37.561132812499984 ], [ -1.640966796874976, 37.386962890625 ], [ -1.797607421874995, 37.232861328124983 ], [ -1.939306640624976, 36.945849609375003 ], [ -2.11152343749998, 36.77666015625001 ], [ -2.187695312499983, 36.745458984374999 ], [ -2.305566406249995, 36.819824218750007 ], [ -2.452832031249978, 36.831152343750006 ], [ -2.595703125, 36.806494140625006 ], [ -2.670605468749983, 36.747558593750014 ], [ -2.787548828124986, 36.714746093749994 ], [ -3.149169921874994, 36.758496093750004 ], [ -3.43125, 36.707910156249994 ], [ -3.827783203124993, 36.756054687500004 ], [ -4.366845703124993, 36.718115234374999 ], [ -4.434863281249986, 36.700244140624996 ], [ -4.674121093749993, 36.506445312499999 ], [ -4.935302734374998, 36.502050781249999 ], [ -5.171484374999974, 36.423779296874997 ], [ -5.329687499999977, 36.235742187499994 ], [ -5.360937499999982, 36.134912109375009 ], [ -5.443603515624993, 36.150585937500011 ], [ -5.4625, 36.073779296875003 ], [ -5.625488281249997, 36.025927734374996 ], [ -5.808398437499985, 36.08833007812499 ], [ -5.960693359374994, 36.181738281249999 ], [ -6.040673828124998, 36.188427734375004 ], [ -6.226269531249977, 36.426464843749997 ], [ -6.268945312499988, 36.596728515625003 ], [ -6.384130859374978, 36.637011718749996 ], [ -6.412255859374986, 36.728857421875006 ], [ -6.328320312499978, 36.84814453125 ], [ -6.216796875, 36.91357421875 ], [ -6.320947265625001, 36.908496093750003 ], [ -6.396191406249979, 36.831640625 ], [ -6.492431640625001, 36.954638671874996 ], [ -6.884619140624982, 37.194238281250009 ], [ -6.863769531249997, 37.27890625 ], [ -6.974658203124989, 37.1984375 ], [ -7.406152343749999, 37.179443359375007 ], [ -7.503515624999979, 37.585498046874989 ], [ -7.443945312499972, 37.728271484375 ], [ -7.18544921874999, 38.006347656250014 ], [ -7.022851562499993, 38.04472656250001 ], [ -6.957568359374986, 38.187890625 ], [ -7.106396484374983, 38.181005859374999 ], [ -7.343017578124999, 38.457421875 ], [ -7.281542968749989, 38.714550781249997 ], [ -7.046044921874995, 38.90703125 ], [ -6.997949218749992, 39.056445312499989 ], [ -7.04296875, 39.107080078124987 ], [ -7.172412109374988, 39.135205078125004 ], [ -7.305761718749981, 39.338134765624993 ], [ -7.335449218749993, 39.465136718750003 ], [ -7.44511718749999, 39.536181640624996 ], [ -7.535693359374985, 39.661572265625004 ], [ -7.117675781250002, 39.681689453124996 ], [ -7.03671874999997, 39.713964843750006 ], [ -6.975390625, 39.79838867187501 ], [ -6.896093749999979, 40.021826171874999 ], [ -7.032617187499985, 40.167919921874997 ], [ -7.014697265624993, 40.208349609374991 ], [ -6.810156249999973, 40.343115234375006 ], [ -6.852050781249996, 40.443261718750001 ], [ -6.818359374999989, 40.654052734375007 ], [ -6.835888671874985, 40.777490234374994 ], [ -6.928466796874996, 41.009130859374999 ], [ -6.77578125, 41.107714843749982 ], [ -6.690136718749978, 41.214501953125001 ], [ -6.403125, 41.375390625 ], [ -6.2125, 41.53203125000001 ], [ -6.243115234374986, 41.601806640625 ], [ -6.308056640624984, 41.6421875 ], [ -6.542187499999981, 41.672509765624987 ], [ -6.557519531249994, 41.874121093749991 ], [ -6.618261718749975, 41.9423828125 ], [ -7.030468749999983, 41.950634765625011 ], [ -7.147119140624991, 41.981152343749997 ], [ -7.195361328124985, 41.955224609375001 ], [ -7.209619140624996, 41.895263671875 ], [ -7.403613281249986, 41.833691406250011 ], [ -7.693066406249984, 41.888476562499996 ], [ -7.920849609374981, 41.883642578125006 ], [ -8.152490234374994, 41.81196289062499 ], [ -8.224755859374991, 41.895849609374999 ], [ -8.129980468749974, 42.018164062500013 ], [ -8.213085937499981, 42.133691406249987 ], [ -8.266064453124979, 42.137402343749997 ], [ -8.589648437499994, 42.052734375 ], [ -8.85234375, 41.926904296874994 ], [ -8.878320312499987, 41.946875 ], [ -8.887207031249998, 42.105273437499996 ], [ -8.69091796875, 42.274169921875007 ], [ -8.815820312499994, 42.285253906249999 ], [ -8.809960937499994, 42.334472656250007 ], [ -8.730029296874992, 42.41171875 ], [ -8.812109374999979, 42.470068359375013 ], [ -8.811523437499996, 42.640332031250011 ], [ -9.033105468749993, 42.593847656249999 ], [ -9.035058593749987, 42.662353515625 ], [ -8.927197265624983, 42.798583984375 ], [ -9.041601562499975, 42.814013671874989 ], [ -9.235205078124984, 42.976904296874999 ], [ -9.178076171874972, 43.174023437499997 ], [ -8.873681640624991, 43.334423828124997 ], [ -8.665625, 43.316601562500004 ], [ -8.35546875, 43.396826171875006 ], [ -8.248925781249993, 43.439404296874997 ], [ -8.288867187499989, 43.539599609374996 ], [ -8.256738281249987, 43.579882812499996 ], [ -8.004687499999982, 43.694384765624989 ], [ -7.852734374999988, 43.706982421875004 ], [ -7.698144531249993, 43.764550781250001 ], [ -7.594580078124969, 43.72734375 ], [ -7.503613281249979, 43.73994140624999 ], [ -7.261962890624999, 43.594628906249994 ], [ -7.060986328124984, 43.553955078125007 ], [ -6.900683593749986, 43.585644531249997 ], [ -6.080126953124987, 43.594921875 ], [ -5.846679687499996, 43.645068359375003 ], [ -5.66582031249999, 43.582470703125004 ], [ -5.315722656249993, 43.553173828125004 ], [ -4.523046874999971, 43.415722656249997 ], [ -4.312792968749986, 43.414746093749997 ], [ -3.889355468749982, 43.499414062499994 ], [ -3.774023437499978, 43.477880859375006 ], [ -3.604638671874998, 43.519482421874997 ], [ -3.045605468749984, 43.371582031249993 ], [ -2.87504882812499, 43.454443359374999 ], [ -2.607080078124993, 43.412744140624994 ], [ -2.33710937499998, 43.328027343749987 ], [ -1.991308593749983, 43.345068359374999 ], [ -1.794042968749976, 43.407324218749991 ] ] ] ] } },
{ "type": "Feature", "properties": { "name": "Sweden", "iso_a2": "SE" }, "geometry": { "type": "MultiPolygon", "coordinates": [ [ [ [ 19.076464843750024, 57.8359375 ], [ 18.99375, 57.812109375 ], [ 18.945117187500017, 57.741601562499994 ], [ 18.813867187500019, 57.706201171875001 ], [ 18.790917968750026, 57.483105468749997 ], [ 18.907910156250011, 57.398339843749987 ], [ 18.784863281250008, 57.361083984374986 ], [ 18.699902343750011, 57.242724609375003 ], [ 18.477343750000024, 57.163037109375004 ], [ 18.387207031249996, 57.087646484375 ], [ 18.340234375000023, 56.978222656250004 ], [ 18.146386718750023, 56.920507812499999 ], [ 18.285351562500015, 57.083203125 ], [ 18.209570312500013, 57.133300781250014 ], [ 18.105078125, 57.271875 ], [ 18.151953125, 57.3390625 ], [ 18.136523437500014, 57.556640625 ], [ 18.53740234375001, 57.83056640625 ], [ 18.721875, 57.863720703125011 ], [ 18.80517578125, 57.833154296875001 ], [ 18.841113281250024, 57.900195312500003 ], [ 18.900585937500011, 57.91547851562499 ], [ 19.076464843750024, 57.8359375 ] ] ], [ [ [ 16.528515625000015, 56.290527343750014 ], [ 16.477148437500009, 56.240185546874997 ], [ 16.431640625, 56.24375 ], [ 16.401269531250016, 56.310888671875013 ], [ 16.412304687500004, 56.568994140625001 ], [ 16.63037109375, 56.876855468749994 ], [ 16.727734375000015, 56.902001953125001 ], [ 16.995996093750026, 57.317773437500001 ], [ 17.025390625, 57.345068359375006 ], [ 17.11767578125, 57.31982421875 ], [ 17.050390625, 57.28046875 ], [ 17.053515625000021, 57.2080078125 ], [ 16.88369140625003, 56.985205078124977 ], [ 16.838281250000023, 56.840527343750004 ], [ 16.778027343750015, 56.805224609374996 ], [ 16.528515625000015, 56.290527343750014 ] ] ], [ [ [ 11.38828125, 59.036523437500001 ], [ 11.470703125, 58.909521484375006 ], [ 11.543554687500004, 58.893017578125004 ], [ 11.642773437500011, 58.926074218749996 ], [ 11.712207031250012, 59.018652343749991 ], [ 11.798144531250014, 59.289892578125006 ], [ 11.680761718750007, 59.592285156250014 ], [ 11.834277343750014, 59.697167968749994 ], [ 11.932128906250002, 59.863671875 ], [ 12.169238281250008, 59.912890625 ], [ 12.486132812500012, 60.106787109374991 ], [ 12.515820312500004, 60.305224609375003 ], [ 12.588671875000022, 60.450732421874996 ], [ 12.553808593750007, 60.545654296875 ], [ 12.314648437500011, 60.892138671874989 ], [ 12.29414062500001, 61.002685546875021 ], [ 12.706054687500009, 61.059863281249996 ], [ 12.828222656250007, 61.221826171874987 ], [ 12.880761718750028, 61.352294921874993 ], [ 12.596093750000023, 61.541308593750003 ], [ 12.155371093750007, 61.720751953125024 ], [ 12.303515625000026, 62.285595703125011 ], [ 12.114550781250012, 62.591894531249991 ], [ 12.13984375000002, 62.721337890624987 ], [ 12.10859375, 62.919482421874996 ], [ 12.218164062500019, 63.000634765624994 ], [ 11.999902343750028, 63.291699218750011 ], [ 12.212109375000015, 63.49223632812501 ], [ 12.175195312500016, 63.595947265624993 ], [ 12.6625, 63.940478515624982 ], [ 12.792773437500008, 64.0 ], [ 13.203515625000026, 64.075097656249994 ], [ 13.960546875, 64.01401367187502 ], [ 14.141210937500015, 64.173535156250011 ], [ 14.148046875000013, 64.260302734375003 ], [ 14.077636718750004, 64.464013671874994 ], [ 13.650292968750021, 64.58154296875 ], [ 14.115136718750023, 64.94614257812502 ], [ 14.479687500000011, 65.301464843749997 ], [ 14.549511718750015, 65.646386718749994 ], [ 14.634570312500014, 65.793261718750003 ], [ 14.543261718750012, 66.129345703124997 ], [ 15.040039062499989, 66.167529296875003 ], [ 15.483789062500019, 66.305957031250031 ], [ 15.422949218749993, 66.48984375 ], [ 16.403515625000015, 67.054980468750017 ], [ 16.434277343750015, 67.155078125 ], [ 16.360644531250006, 67.252001953125017 ], [ 16.127441406249989, 67.425830078124989 ], [ 16.193554687500008, 67.505175781250003 ], [ 16.457128906250013, 67.551757812499986 ], [ 16.585546875, 67.628320312499966 ], [ 16.783593750000019, 67.89501953125 ], [ 17.324609375000019, 68.103808593750017 ], [ 17.916699218750015, 67.964892578125003 ], [ 18.176660156250009, 68.200634765624983 ], [ 18.162597656250004, 68.528417968750006 ], [ 18.378613281250008, 68.562402343749994 ], [ 19.969824218750002, 68.356396484374997 ], [ 20.240039062500014, 68.4775390625 ], [ 19.968847656250013, 68.542041015624989 ], [ 20.240039062500014, 68.673144531250003 ], [ 20.319433593750006, 68.75405273437498 ], [ 20.348046875000019, 68.848730468750034 ], [ 20.337109375000011, 68.899658203125 ], [ 20.116699218750004, 69.020898437500009 ], [ 20.622167968750002, 69.036865234375 ], [ 20.895117187500002, 68.979833984375006 ], [ 20.918554687499984, 68.906933593749997 ], [ 21.997460937500023, 68.52060546875002 ], [ 22.854101562499991, 68.367333984374994 ], [ 23.097851562500008, 68.257568359375 ], [ 23.182519531250023, 68.136621093749994 ], [ 23.318554687500018, 68.130322265625011 ], [ 23.47421875, 68.017333984375014 ], [ 23.638867187500001, 67.954394531250017 ], [ 23.501855468750023, 67.875195312500011 ], [ 23.500195312500004, 67.696191406249994 ], [ 23.541308593750031, 67.614306640625017 ], [ 23.454882812500017, 67.460253906250031 ], [ 23.733593750000015, 67.422900390625003 ], [ 23.774902343749996, 67.328613281250014 ], [ 23.626074218750013, 67.233935546875003 ], [ 23.641503906250016, 67.12939453125 ], [ 23.67734375, 67.068115234375 ], [ 23.941796875, 66.877832031249994 ], [ 23.988574218750003, 66.810546875000014 ], [ 23.894140625, 66.706884765624991 ], [ 23.865527343750021, 66.576611328124997 ], [ 23.701171875, 66.480761718750003 ], [ 23.673828125, 66.380712890625006 ], [ 23.700292968750002, 66.252636718749983 ], [ 23.75146484375, 66.191162109375 ], [ 23.907324218750006, 66.148242187500003 ], [ 24.049023437500018, 65.98984375000002 ], [ 24.15546875, 65.805273437499991 ], [ 23.890527343750019, 65.782226562500014 ], [ 23.69140625, 65.828515625 ], [ 23.221093750000012, 65.786132812499986 ], [ 23.102343750000024, 65.7353515625 ], [ 22.74658203125, 65.870947265625006 ], [ 22.538574218749989, 65.794335937499994 ], [ 22.400976562500006, 65.862109375 ], [ 22.28759765625, 65.750634765624994 ], [ 22.254003906249999, 65.597558593749994 ], [ 22.086230468750006, 65.6109375 ], [ 22.147558593750002, 65.552880859375009 ], [ 21.920117187500018, 65.532373046874994 ], [ 21.903125, 65.508349609375003 ], [ 21.95, 65.470361328124966 ], [ 21.879589843750022, 65.424023437500026 ], [ 21.565527343749999, 65.40810546874998 ], [ 21.523437500000011, 65.358593750000011 ], [ 21.612695312500012, 65.299121093750017 ], [ 21.609179687500003, 65.261376953124994 ], [ 21.410351562500018, 65.317431640625003 ], [ 21.545996093749999, 65.206982421875011 ], [ 21.573925781250011, 65.125781250000017 ], [ 21.195898437499999, 64.876904296874997 ], [ 21.13818359375, 64.80869140625002 ], [ 21.279296874999989, 64.72470703125002 ], [ 21.393847656250024, 64.54433593749998 ], [ 21.519628906249995, 64.463085937499997 ], [ 21.465039062500008, 64.379589843749997 ], [ 21.018457031250019, 64.177978515624986 ], [ 20.762695312499996, 63.867822265625016 ], [ 20.2046875, 63.662451171875006 ], [ 19.913671875000013, 63.610546875 ], [ 19.781640625000019, 63.538183593750013 ], [ 19.722070312500012, 63.463330078125004 ], [ 19.502343750000019, 63.509033203125007 ], [ 19.494628906249993, 63.424365234375031 ], [ 19.354296875000021, 63.47749023437499 ], [ 19.236328125, 63.347363281249997 ], [ 19.034375, 63.237744140625004 ], [ 18.81669921875001, 63.257470703125001 ], [ 18.79228515625001, 63.238134765624991 ], [ 18.858984375, 63.206591796874989 ], [ 18.6064453125, 63.178271484375003 ], [ 18.530664062500016, 63.063525390625003 ], [ 18.344238281250007, 63.03212890624998 ], [ 18.31289062500003, 62.996386718750003 ], [ 18.502050781249999, 62.988867187499991 ], [ 18.463085937500004, 62.895849609375006 ], [ 18.248046875, 62.849072265624997 ], [ 18.170019531250009, 62.789355468750003 ], [ 18.074414062500015, 62.790673828124994 ], [ 18.093554687500014, 62.836035156249999 ], [ 17.951074218750026, 62.833886718750009 ], [ 17.906640625000016, 62.886767578125003 ], [ 17.879589843750011, 62.873193359374994 ], [ 17.974414062500006, 62.721044921874991 ], [ 17.903027343750015, 62.659472656249996 ], [ 18.037304687500008, 62.600537109374983 ], [ 17.83447265625, 62.50273437500001 ], [ 17.717773437500004, 62.500878906250001 ], [ 17.646386718750016, 62.450878906249997 ], [ 17.410253906250006, 62.508398437499999 ], [ 17.378417968750004, 62.462792968750001 ], [ 17.429003906250024, 62.334716796874986 ], [ 17.633691406250026, 62.233007812499984 ], [ 17.510156250000019, 62.166308593750017 ], [ 17.374511718749996, 61.866308593749991 ], [ 17.465429687500002, 61.684472656249994 ], [ 17.196386718750009, 61.724560546875011 ], [ 17.215625, 61.656347656249991 ], [ 17.130761718750033, 61.57573242187501 ], [ 17.164257812500011, 61.458300781250003 ], [ 17.13798828125001, 61.381689453124999 ], [ 17.19960937500003, 61.31196289062499 ], [ 17.163867187500014, 61.278271484374983 ], [ 17.202929687500017, 60.951855468750004 ], [ 17.27890625, 60.812158203125009 ], [ 17.250976562499993, 60.70078125 ], [ 17.35986328125, 60.640820312499997 ], [ 17.593066406250028, 60.627685546875007 ], [ 17.661132812499996, 60.53515625 ], [ 17.955761718750015, 60.589794921874983 ], [ 18.011328125, 60.511425781250004 ], [ 18.1625, 60.407910156250004 ], [ 18.4, 60.337109375 ], [ 18.557519531250009, 60.253564453125001 ], [ 18.535449218750021, 60.15288085937501 ], [ 18.787011718750012, 60.079492187500001 ], [ 18.933203125, 59.942285156250001 ], [ 18.990429687500004, 59.827783203125001 ], [ 18.970507812500014, 59.757226562500009 ], [ 18.71875, 59.657373046874987 ], [ 18.578125, 59.565771484374984 ], [ 18.276464843749995, 59.437646484375001 ], [ 18.16357421875, 59.430371093750011 ], [ 17.964257812500016, 59.359375 ], [ 17.979785156250021, 59.32905273437499 ], [ 18.132617187500017, 59.316210937500017 ], [ 18.508886718750002, 59.407958984375021 ], [ 18.617578125000019, 59.327050781249987 ], [ 18.414257812500015, 59.29033203125001 ], [ 18.373046875, 59.179736328124996 ], [ 18.285351562500018, 59.109375 ], [ 17.456738281250015, 58.858398437500007 ], [ 17.34765625, 58.780517578125 ], [ 16.978125, 58.654150390624999 ], [ 16.315820312500019, 58.663623046875003 ], [ 16.214257812500019, 58.636669921874997 ], [ 16.78847656250003, 58.585253906249989 ], [ 16.923828125, 58.492578125000016 ], [ 16.651953125, 58.434326171874986 ], [ 16.769921875000026, 58.214257812500001 ], [ 16.700097656250023, 58.160791015625001 ], [ 16.694921875, 57.917529296874996 ], [ 16.59697265625001, 57.912890625 ], [ 16.555371093750015, 57.812255859375 ], [ 16.586230468750014, 57.7609375 ], [ 16.604199218750008, 57.568310546874997 ], [ 16.652246093750019, 57.500683593749983 ], [ 16.630859375, 57.430175781249986 ], [ 16.475976562500023, 57.265136718749993 ], [ 16.527929687500006, 57.068164062500003 ], [ 16.348730468750009, 56.70927734375001 ], [ 16.150683593750014, 56.500830078124991 ], [ 15.996679687500006, 56.222607421875004 ], [ 15.826660156249996, 56.124951171874997 ], [ 15.626562500000013, 56.185595703124989 ], [ 15.326562500000025, 56.150830078124997 ], [ 14.78203125, 56.161914062500003 ], [ 14.713964843750002, 56.134130859374999 ], [ 14.754785156250026, 56.033154296874997 ], [ 14.655566406250022, 56.019921875 ], [ 14.55859375, 56.048632812499996 ], [ 14.401953125, 55.976757812499997 ], [ 14.215039062500018, 55.832617187499999 ], [ 14.202929687500019, 55.729150390625009 ], [ 14.341699218750026, 55.527734375 ], [ 14.173730468750021, 55.396630859375001 ], [ 13.806347656250006, 55.428564453125006 ], [ 13.321386718749999, 55.346386718749997 ], [ 12.885839843750013, 55.411376953125 ], [ 12.940625, 55.481591796874987 ], [ 12.973925781250022, 55.748144531249999 ], [ 12.471191406250004, 56.29052734375 ], [ 12.706347656250015, 56.235009765624994 ], [ 12.801660156250016, 56.263916015625007 ], [ 12.656445312500006, 56.440576171875001 ], [ 12.857421875, 56.452392578124993 ], [ 12.91953125, 56.515576171875004 ], [ 12.883691406250023, 56.617724609375003 ], [ 12.717578125000014, 56.662841796875014 ], [ 12.572656250000025, 56.823291015625003 ], [ 12.421484375, 56.906396484375009 ], [ 12.151855468750004, 57.226953125000016 ], [ 12.053222656249991, 57.44697265624999 ], [ 11.9615234375, 57.426074218750003 ], [ 11.878710937500017, 57.679443359375021 ], [ 11.734960937500007, 57.717675781250001 ], [ 11.703222656250002, 57.973193359374996 ], [ 11.549023437500004, 58.001220703125 ], [ 11.449316406250007, 58.118359375 ], [ 11.431542968750023, 58.33999023437498 ], [ 11.329980468750032, 58.380322265624997 ], [ 11.248242187500013, 58.369140625000014 ], [ 11.271582031250013, 58.47563476562501 ], [ 11.207910156250023, 58.86640625 ], [ 11.147167968750015, 58.988623046874999 ], [ 11.195800781249998, 59.078271484374987 ], [ 11.295312500000019, 59.086865234374983 ], [ 11.38828125, 59.036523437500001 ] ] ], [ [ [ 19.156347656250009, 57.922607421875007 ], [ 19.138378906250011, 57.860253906249994 ], [ 19.039257812500015, 57.911035156249994 ], [ 19.134863281250013, 57.981347656250009 ], [ 19.331445312500026, 57.962890625 ], [ 19.156347656250009, 57.922607421875007 ] ] ], [ [ [ 18.416210937500004, 59.029101562500003 ], [ 18.349902343750014, 59.022607421874987 ], [ 18.397558593750002, 59.089111328125 ], [ 18.485546875, 59.104589843750006 ], [ 18.416210937500004, 59.029101562500003 ] ] ], [ [ [ 18.6984375, 59.534619140625011 ], [ 18.5703125, 59.437255859375 ], [ 18.545117187500004, 59.477832031249996 ], [ 18.572363281250002, 59.525830078124997 ], [ 18.6984375, 59.534619140625011 ] ] ] ] } },
{ "type": "Feature", "properties": { "name": "United Kingdom", "iso_a2": "GB" }, "geometry": { "type": "MultiPolygon", "coordinates": [ [ [ [ -2.433056640624979, 51.740722656250007 ], [ -2.742138671874979, 51.581103515624996 ], [ -2.978515625, 51.538867187500003 ], [ -3.293115234374986, 51.390429687499996 ], [ -3.562353515624971, 51.413818359375007 ], [ -3.890771484374993, 51.591650390624999 ], [ -4.234570312499986, 51.569091796875 ], [ -4.091015624999983, 51.659912109375007 ], [ -4.276171874999988, 51.682519531250001 ], [ -4.386279296874993, 51.741064453124999 ], [ -4.600781249999974, 51.737646484375006 ], [ -4.902294921874979, 51.626269531249996 ], [ -5.124755859375, 51.705859375 ], [ -5.168359375, 51.740722656250007 ], [ -5.200585937499996, 51.861376953125003 ], [ -5.262304687499979, 51.880175781250003 ], [ -5.08808593749998, 51.995898437499989 ], [ -4.383154296874967, 52.197314453125003 ], [ -4.149365234374979, 52.326269531249999 ], [ -3.980322265624978, 52.541748046874993 ], [ -4.048437499999967, 52.5576171875 ], [ -4.078906249999987, 52.607861328125004 ], [ -4.039257812499979, 52.704052734375004 ], [ -4.117529296874971, 52.820019531250011 ], [ -4.101464843749988, 52.915478515624997 ], [ -4.356445312500005, 52.897412109375011 ], [ -4.68305664062498, 52.806152343750007 ], [ -4.638330078124987, 52.89111328125 ], [ -4.405078125, 53.013818359375001 ], [ -4.268554687500001, 53.14453125 ], [ -4.111035156249979, 53.218945312499997 ], [ -3.764208984374988, 53.3076171875 ], [ -3.645898437499994, 53.297900390624982 ], [ -3.326171875, 53.347167968750007 ], [ -3.097558593749994, 53.260302734374996 ], [ -3.165576171874989, 53.394677734375009 ], [ -3.064746093749986, 53.426855468749999 ], [ -2.918554687499983, 53.305371093749997 ], [ -2.749511718749996, 53.310205078125009 ], [ -2.913085937499998, 53.350244140625001 ], [ -3.064599609374984, 53.512841796875001 ], [ -3.059472656249988, 53.586230468749996 ], [ -2.925097656249992, 53.732763671874999 ], [ -3.031787109374989, 53.773583984375001 ], [ -3.045361328124976, 53.843847656249999 ], [ -3.026757812499991, 53.905908203125009 ], [ -2.899853515624981, 53.960693359374993 ], [ -2.846484374999983, 54.135302734374989 ], [ -2.867578125, 54.177246093750007 ], [ -3.165966796874988, 54.127929687500007 ], [ -3.321533203124997, 54.229101562499991 ], [ -3.569384765624988, 54.467578125 ], [ -3.592041015624999, 54.564355468750016 ], [ -3.464599609375005, 54.773095703125001 ], [ -3.267919921874975, 54.906591796874999 ], [ -3.036230468749976, 54.953076171875004 ], [ -3.550439453125001, 54.947412109375001 ], [ -3.957910156249991, 54.78095703124999 ], [ -4.13295898437499, 54.779248046874997 ], [ -4.253417968749999, 54.846777343749999 ], [ -4.517480468749991, 54.758349609374996 ], [ -4.818066406249985, 54.846142578125004 ], [ -4.889501953124978, 54.772265625 ], [ -4.911230468749979, 54.689453125 ], [ -5.135498046874993, 54.857519531249991 ], [ -5.172705078124974, 54.985888671874989 ], [ -5.116699218750007, 55.012255859374996 ], [ -5.055859374999984, 54.988134765624999 ], [ -4.965185546874983, 55.14946289062501 ], [ -4.676757812499996, 55.501318359374991 ], [ -4.72416992187499, 55.598291015625001 ], [ -4.891845703124999, 55.699121093750009 ], [ -4.871679687499981, 55.873925781250001 ], [ -4.826074218749986, 55.929541015624999 ], [ -4.584082031249975, 55.938671875 ], [ -4.844091796874982, 56.051171875 ], [ -4.800292968749997, 56.158349609374987 ], [ -4.927099609374976, 56.028076171875007 ], [ -5.092822265624982, 55.987304687500007 ], [ -5.214599609375, 55.888867187500004 ], [ -5.245605468749993, 55.929248046875003 ], [ -5.222949218749984, 56.065820312500016 ], [ -4.996972656249993, 56.233349609374997 ], [ -5.38344726562499, 56.01923828124999 ], [ -5.418896484374977, 55.975244140625009 ], [ -5.372900390624975, 55.827685546874989 ], [ -5.385839843749976, 55.770117187499991 ], [ -5.556445312499984, 55.389599609375011 ], [ -5.646533203124989, 55.326855468749997 ], [ -5.76821289062499, 55.362646484374999 ], [ -5.681347656249977, 55.623974609374997 ], [ -5.504492187499978, 55.802392578124994 ], [ -5.622851562499988, 55.813134765625001 ], [ -5.609570312499979, 56.055273437499991 ], [ -5.555273437499979, 56.134960937499997 ], [ -5.534960937499982, 56.250830078125006 ], [ -5.391943359374978, 56.514794921875001 ], [ -5.329443359374975, 56.555908203124986 ], [ -5.312695312499978, 56.618798828125001 ], [ -5.188378906249995, 56.758056640624993 ], [ -5.652441406249977, 56.531982421875 ], [ -5.86484374999998, 56.561865234375006 ], [ -5.936767578124995, 56.605712890625007 ], [ -5.968896484374997, 56.689892578125011 ], [ -6.132763671874978, 56.718017578125 ], [ -6.034716796874984, 56.763916015625007 ], [ -5.877636718749977, 56.779638671875006 ], [ -5.730615234374995, 56.853076171874996 ], [ -5.861425781249978, 56.902685546874991 ], [ -5.736279296874982, 56.960644531250004 ], [ -5.591308593750007, 57.10234375 ], [ -5.561914062499996, 57.232714843749996 ], [ -5.656347656249978, 57.334082031250013 ], [ -5.794921875, 57.378808593750009 ], [ -5.801953124999981, 57.468017578125007 ], [ -5.581787109374991, 57.546777343750001 ], [ -5.678759765624989, 57.571679687500001 ], [ -5.744921874999984, 57.668310546875013 ], [ -5.608349609374985, 57.88134765625 ], [ -5.349023437499994, 57.878076171875016 ], [ -5.289794921874993, 57.904589843750003 ], [ -5.157226562499995, 57.88134765625 ], [ -5.413183593749974, 58.069726562500001 ], [ -5.351367187499984, 58.143701171875001 ], [ -5.33828125, 58.238720703124997 ], [ -5.008300781249993, 58.262646484374997 ], [ -5.090136718749982, 58.384521484375014 ], [ -5.066503906249971, 58.52021484374999 ], [ -5.016748046874994, 58.566552734375001 ], [ -4.809619140624987, 58.572900390625001 ], [ -4.715429687499968, 58.510009765625 ], [ -4.491894531249983, 58.568457031249991 ], [ -4.433251953124997, 58.512841796875009 ], [ -3.259130859374972, 58.65 ], [ -3.053076171874975, 58.634814453125003 ], [ -3.109667968749983, 58.515478515625006 ], [ -3.112890624999972, 58.40888671874999 ], [ -3.212353515624983, 58.321240234375011 ], [ -3.990039062499987, 57.959033203124996 ], [ -4.035595703124983, 57.852001953125004 ], [ -3.857128906249979, 57.818554687499997 ], [ -4.078417968749986, 57.677050781249989 ], [ -4.134521484375, 57.577734375 ], [ -3.294531249999979, 57.71015625 ], [ -3.036035156249991, 57.672314453125018 ], [ -2.074072265624979, 57.702392578125 ], [ -1.961523437499976, 57.676660156250016 ], [ -1.867382812499977, 57.61235351562501 ], [ -1.780664062499991, 57.474023437500009 ], [ -2.020312499999987, 57.258886718749991 ], [ -2.089550781249989, 57.1025390625 ], [ -2.260253906250004, 56.863330078125003 ], [ -2.5009765625, 56.636572265624984 ], [ -2.680957031249994, 56.514404296874993 ], [ -3.047412109374988, 56.449365234375016 ], [ -3.309960937499996, 56.363476562500004 ], [ -2.88515625, 56.397509765624996 ], [ -2.652734375, 56.318261718750001 ], [ -2.674267578124994, 56.25341796875 ], [ -2.767578125, 56.202148437500007 ], [ -2.979785156249986, 56.194091796875 ], [ -3.178222656249998, 56.080126953124989 ], [ -3.362255859374979, 56.02763671875001 ], [ -3.7890625, 56.09521484375 ], [ -3.6078125, 56.016015625 ], [ -3.04873046874999, 55.951953125 ], [ -2.836865234374976, 56.026269531250001 ], [ -2.599316406249979, 56.027294921875004 ], [ -2.147070312499977, 55.902978515625001 ], [ -1.655371093749978, 55.570361328124996 ], [ -1.422656249999987, 55.026416015624996 ], [ -1.232421875, 54.703710937499991 ], [ -1.154394531249971, 54.654492187500004 ], [ -0.671386718749999, 54.50390625 ], [ -0.370361328124998, 54.279199218749994 ], [ -0.084375, 54.118066406249994 ], [ -0.205566406249998, 54.021728515625 ], [ -0.16875, 53.941650390625 ], [ 0.115332031250007, 53.609277343750001 ], [ -0.073730468749999, 53.643652343750006 ], [ -0.270019531250002, 53.736767578125004 ], [ -0.659912109374997, 53.724023437500009 ], [ -0.293701171874997, 53.692333984375004 ], [ 0.128320312500023, 53.468261718750007 ], [ 0.270996093750006, 53.335498046874996 ], [ 0.355761718750018, 53.159960937499996 ], [ 0.298046875000014, 53.081103515624996 ], [ 0.045898437500003, 52.905615234375006 ], [ 0.279785156250005, 52.808691406249999 ], [ 0.381933593750007, 52.8251953125 ], [ 0.55878906250001, 52.966943359375001 ], [ 1.055566406250028, 52.958984375 ], [ 1.27128906250002, 52.924560546875007 ], [ 1.65673828125, 52.753710937499989 ], [ 1.743359375000018, 52.578515625 ], [ 1.746582031250003, 52.468994140625014 ], [ 1.59140625, 52.119775390625001 ], [ 1.413476562500025, 51.994775390624994 ], [ 1.316796875000026, 51.956933593750001 ], [ 1.232421875, 51.971240234374989 ], [ 1.274414062499999, 51.845361328125009 ], [ 1.101171875000011, 51.785449218750003 ], [ 0.955078125, 51.8078125 ], [ 0.752246093750019, 51.729589843749999 ], [ 0.898046875, 51.689404296875004 ], [ 0.927441406250015, 51.646630859375001 ], [ 0.890917968750014, 51.571435546874987 ], [ 0.424511718750011, 51.465625 ], [ 0.528320312500003, 51.484472656250006 ], [ 0.600292968750015, 51.46796875 ], [ 0.686523437500003, 51.386572265625006 ], [ 0.88935546875001, 51.359521484375009 ], [ 1.414941406250026, 51.36328125 ], [ 1.397558593750002, 51.182031249999987 ], [ 1.044433593750005, 51.047265624999987 ], [ 0.96015625, 50.925878906250006 ], [ 0.772363281250024, 50.933984374999987 ], [ 0.684375, 50.885546875 ], [ 0.205078125, 50.763037109375013 ], [ -0.203906249999985, 50.814355468750001 ], [ -0.785253906249971, 50.765429687500003 ], [ -1.41645507812498, 50.896875 ], [ -1.334472656250002, 50.820800781249993 ], [ -1.600830078125002, 50.732861328124983 ], [ -2.031054687499982, 50.725390625 ], [ -1.962060546874995, 50.627783203124999 ], [ -2.035839843749987, 50.603076171874996 ], [ -2.35014648437499, 50.637402343750004 ], [ -2.433447265624971, 50.59921875 ], [ -2.776953124999972, 50.705566406250007 ], [ -2.999414062499997, 50.716601562499996 ], [ -3.40458984374998, 50.632421875 ], [ -3.485449218749981, 50.547949218749999 ], [ -3.584375, 50.321826171875003 ], [ -3.679785156249971, 50.239941406250004 ], [ -3.793359375, 50.229248046875 ], [ -4.194580078124991, 50.393310546875007 ], [ -4.72797851562498, 50.290478515625004 ], [ -5.009521484374999, 50.160742187499999 ], [ -5.118505859374975, 50.038330078125 ], [ -5.225244140624993, 50.021386718749994 ], [ -5.322851562499975, 50.082958984375004 ], [ -5.433984375, 50.104443359374997 ], [ -5.622119140624987, 50.050683593749987 ], [ -5.655175781249994, 50.077246093749991 ], [ -5.65625, 50.131884765624996 ], [ -5.57065429687498, 50.19697265624999 ], [ -5.342285156250002, 50.246142578124996 ], [ -5.00444335937499, 50.495263671875001 ], [ -4.893554687499992, 50.53369140625 ], [ -4.582910156249989, 50.7763671875 ], [ -4.523095703124991, 50.977441406249994 ], [ -4.296484374999973, 51.027148437499996 ], [ -4.188183593749983, 51.188525390624996 ], [ -3.842333984374983, 51.230908203125004 ], [ -3.135986328124998, 51.205029296874997 ], [ -3.04204101562499, 51.248583984374982 ], [ -2.88125, 51.405664062499994 ], [ -2.433056640624979, 51.740722656250007 ] ] ], [ [ [ -4.196777343749996, 53.321435546874994 ], [ -4.049365234374993, 53.305761718750006 ], [ -4.084277343749987, 53.264306640624987 ], [ -4.373046875, 53.134179687500001 ], [ -4.418847656249998, 53.178027343749996 ], [ -4.471972656249988, 53.176367187499999 ], [ -4.553222656250002, 53.26044921874999 ], [ -4.567871093749999, 53.386474609375007 ], [ -4.315087890624992, 53.417236328125 ], [ -4.196777343749996, 53.321435546874994 ] ] ], [ [ [ -2.548876953124985, 59.231347656249994 ], [ -2.662060546874974, 59.230175781250011 ], [ -2.603613281249968, 59.289306640625 ], [ -2.406982421874997, 59.297558593749997 ], [ -2.548876953124985, 59.231347656249994 ] ] ], [ [ [ -1.042529296874985, 60.513867187499997 ], [ -1.067871093750001, 60.502294921875013 ], [ -1.165527343750002, 60.603906249999987 ], [ -1.093310546874987, 60.720214843749986 ], [ -1.005615234374998, 60.716503906250018 ], [ -0.991650390624974, 60.68603515625 ], [ -1.049023437499981, 60.646923828124983 ], [ -1.042529296874985, 60.513867187499997 ] ] ], [ [ [ -1.30170898437499, 60.607666015625014 ], [ -1.287402343749982, 60.467041015625007 ], [ -1.235742187499997, 60.485302734375004 ], [ -1.157763671874982, 60.417724609374993 ], [ -1.052441406249982, 60.444482421874987 ], [ -1.199316406249979, 60.006591796875 ], [ -1.299462890624991, 59.878662109375007 ], [ -1.355859375, 59.911132812499993 ], [ -1.276171874999987, 60.114648437499987 ], [ -1.290917968749996, 60.153466796875016 ], [ -1.322802734374991, 60.18837890624998 ], [ -1.481494140624982, 60.173388671874996 ], [ -1.499121093749985, 60.221777343750013 ], [ -1.641357421875002, 60.23676757812499 ], [ -1.663769531249981, 60.28251953125001 ], [ -1.374609374999979, 60.332910156249994 ], [ -1.449560546874974, 60.46855468750001 ], [ -1.57177734375, 60.494433593750003 ], [ -1.36396484374998, 60.60957031249999 ], [ -1.30170898437499, 60.607666015625014 ] ] ], [ [ [ -0.774267578124967, 60.811962890624997 ], [ -0.825488281249986, 60.683935546874999 ], [ -0.922265624999989, 60.697265625 ], [ -0.915820312499985, 60.810449218750001 ], [ -0.823437499999985, 60.831884765624991 ], [ -0.774267578124967, 60.811962890624997 ] ] ], [ [ [ -3.164941406249997, 58.794189453125007 ], [ -3.278808593750001, 58.781933593749997 ], [ -3.3671875, 58.839746093749994 ], [ -3.394726562499983, 58.909619140625004 ], [ -3.271923828124983, 58.905273437500014 ], [ -3.211621093749983, 58.81357421875002 ], [ -3.164941406249997, 58.794189453125007 ] ] ], [ [ [ -2.929394531249979, 58.741601562500009 ], [ -2.975390625, 58.756933593749999 ], [ -3.03544921874999, 58.82265624999998 ], [ -2.896435546874978, 58.827587890624997 ], [ -2.929394531249979, 58.741601562500009 ] ] ], [ [ [ -3.020019531249993, 59.05766601562501 ], [ -3.070703125, 59.004980468749999 ], [ -2.762451171874992, 58.955810546875 ], [ -2.826220703124993, 58.893261718749997 ], [ -2.994824218749977, 58.939355468750016 ], [ -3.166601562499972, 58.91909179687498 ], [ -3.223339843749972, 58.938769531249996 ], [ -3.242138671874978, 58.999707031249997 ], [ -3.331640624999975, 58.971240234374996 ], [ -3.353710937499984, 59.01875 ], [ -3.310351562499984, 59.130810546874997 ], [ -3.248583984374985, 59.143945312499994 ], [ -3.051123046874973, 59.099023437500009 ], [ -3.020019531249993, 59.05766601562501 ] ] ], [ [ [ -2.729394531249991, 59.186767578124993 ], [ -2.815234374999988, 59.16191406250001 ], [ -2.851855468749996, 59.182470703124999 ], [ -2.861425781249977, 59.246826171875007 ], [ -3.052050781249994, 59.323876953124987 ], [ -2.975537109374972, 59.347119140624983 ], [ -2.815039062499983, 59.240820312499999 ], [ -2.730664062499978, 59.226757812500011 ], [ -2.729394531249991, 59.186767578124993 ] ] ], [ [ [ -6.607617187499982, 56.585009765624989 ], [ -6.668554687499974, 56.593603515625006 ], [ -6.569921874999977, 56.661230468749999 ], [ -6.48369140624999, 56.665771484375007 ], [ -6.607617187499982, 56.585009765624989 ] ] ], [ [ [ -5.105419921874985, 55.448828125 ], [ -5.331494140624979, 55.481054687500013 ], [ -5.392675781249975, 55.618359375 ], [ -5.37080078124998, 55.666943359375004 ], [ -5.318115234375004, 55.709179687499997 ], [ -5.185449218749993, 55.690966796875003 ], [ -5.104980468750005, 55.573974609375014 ], [ -5.105419921874985, 55.448828125 ] ] ], [ [ [ -5.77788085937499, 56.344335937499984 ], [ -6.313427734374983, 56.293652343749997 ], [ -6.325830078124987, 56.320947265624987 ], [ -6.298486328124996, 56.339160156249982 ], [ -6.184863281249982, 56.356884765624997 ], [ -6.138867187499986, 56.490625 ], [ -6.319677734374975, 56.569433593750006 ], [ -6.286328124999986, 56.611865234374989 ], [ -6.102734374999973, 56.645654296875016 ], [ -5.94667968749999, 56.534521484374999 ], [ -5.760839843749975, 56.490673828124983 ], [ -5.77788085937499, 56.344335937499984 ] ] ], [ [ [ -6.12890625, 55.930566406249994 ], [ -6.057617187499997, 55.722509765625013 ], [ -6.088378906249999, 55.657519531249989 ], [ -6.305078125, 55.60693359375 ], [ -6.270019531249994, 55.6703125 ], [ -6.3017578125, 55.780615234374999 ], [ -6.491357421874999, 55.697314453124996 ], [ -6.462841796874977, 55.808251953125001 ], [ -6.413183593749978, 55.854638671875009 ], [ -6.311279296875, 55.856494140625003 ], [ -6.12890625, 55.930566406249994 ] ] ], [ [ [ -5.970068359374971, 55.814550781250006 ], [ -6.04155273437499, 55.806787109375001 ], [ -6.071972656249984, 55.893115234374996 ], [ -5.911767578124999, 55.974755859375009 ], [ -5.970312499999975, 55.9921875 ], [ -5.939062499999977, 56.045263671874984 ], [ -5.72514648437499, 56.118554687500009 ], [ -5.970068359374971, 55.814550781250006 ] ] ], [ [ [ -6.198681640624979, 58.36328125 ], [ -6.325830078124994, 58.188867187500001 ], [ -6.554589843749989, 58.092871093749999 ], [ -6.40336914062499, 58.075878906250011 ], [ -6.425195312499997, 58.021289062499996 ], [ -6.683300781249978, 57.911035156249994 ], [ -6.796582031249987, 57.827539062500001 ], [ -6.853759765625002, 57.826513671874999 ], [ -6.956933593749989, 57.750048828124996 ], [ -7.083447265624986, 57.813769531250003 ], [ -6.856835937499994, 57.923535156250011 ], [ -7.057080078124974, 58.003173828125 ], [ -6.985302734374976, 58.050488281249997 ], [ -7.088476562499979, 58.095361328124994 ], [ -7.085253906249979, 58.182177734375003 ], [ -7.028417968749976, 58.222314453124994 ], [ -6.886230468750005, 58.18256835937499 ], [ -6.726464843749992, 58.189404296874997 ], [ -6.776464843749973, 58.301513671875014 ], [ -6.237451171874998, 58.50283203124998 ], [ -6.194238281249994, 58.435107421875017 ], [ -6.198681640624979, 58.36328125 ] ] ], [ [ [ -6.279052734374997, 56.964697265624999 ], [ -6.346240234374989, 56.954296874999983 ], [ -6.4326171875, 57.017919921874999 ], [ -6.322363281249974, 57.050537109375007 ], [ -6.261279296874988, 57.009521484375007 ], [ -6.279052734374997, 56.964697265624999 ] ] ], [ [ [ -6.14472656249998, 57.504980468750006 ], [ -6.163769531249981, 57.408837890625001 ], [ -6.135546875, 57.314257812499982 ], [ -5.88027343749999, 57.263232421874989 ], [ -5.706005859374986, 57.268945312500009 ], [ -5.668652343749976, 57.226904296874991 ], [ -5.913769531249984, 57.062646484375009 ], [ -5.9873046875, 57.04443359375 ], [ -6.014746093749967, 57.051953124999983 ], [ -6.034375, 57.201220703124996 ], [ -6.322705078124981, 57.202490234375006 ], [ -6.442431640624991, 57.327490234375006 ], [ -6.675439453124989, 57.362890625 ], [ -6.761132812499991, 57.4423828125 ], [ -6.704199218749972, 57.495751953125016 ], [ -6.583007812500005, 57.507128906250003 ], [ -6.616796874999981, 57.562695312500011 ], [ -6.378515624999979, 57.603320312499996 ], [ -6.357666015624992, 57.666796874999982 ], [ -6.246923828124983, 57.651220703124999 ], [ -6.166064453124992, 57.585302734375006 ], [ -6.14472656249998, 57.504980468750006 ] ] ], [ [ [ -7.205566406249998, 57.682958984374999 ], [ -7.092773437500004, 57.62666015624999 ], [ -7.182617187500001, 57.533300781249991 ], [ -7.320556640624997, 57.533740234374989 ], [ -7.514746093749972, 57.601953125 ], [ -7.470312499999967, 57.652539062500004 ], [ -7.205566406249998, 57.682958984374999 ] ] ], [ [ [ -7.249853515624979, 57.115332031249991 ], [ -7.381494140624989, 57.130664062499996 ], [ -7.422363281249988, 57.229345703124999 ], [ -7.410546875, 57.381103515625 ], [ -7.26713867187499, 57.371777343750011 ], [ -7.249853515624979, 57.115332031249991 ] ] ], [ [ [ -7.416894531249995, 56.965429687499999 ], [ -7.504785156249998, 56.951660156249993 ], [ -7.54296875, 56.972363281250004 ], [ -7.522949218749997, 57.00678710937499 ], [ -7.45546875, 57.018945312500009 ], [ -7.406689453124992, 57.000292968749996 ], [ -7.416894531249995, 56.965429687499999 ] ] ], [ [ [ -6.218017578124993, 54.088720703124999 ], [ -6.649804687499994, 54.058642578124996 ], [ -6.646875, 54.163427734375006 ], [ -6.80258789062498, 54.21435546875 ], [ -6.87724609374999, 54.3291015625 ], [ -7.007714843749986, 54.406689453125004 ], [ -7.049707031249991, 54.408251953124989 ], [ -7.202587890624974, 54.301806640625003 ], [ -7.155468749999976, 54.239501953124993 ], [ -7.324511718749986, 54.133447265625016 ], [ -7.606542968749978, 54.14384765625001 ], [ -7.678759765624982, 54.186669921875009 ], [ -7.854931640624974, 54.215283203124997 ], [ -7.884472656249979, 54.283789062499999 ], [ -8.144824218749987, 54.453515625 ], [ -8.044335937499984, 54.512451171875007 ], [ -7.75439453125, 54.594921875 ], [ -7.746289062499985, 54.615820312499991 ], [ -7.910595703124983, 54.698339843749999 ], [ -7.7375, 54.710449218750014 ], [ -7.550390624999976, 54.767968750000023 ], [ -7.45126953124998, 54.877099609375009 ], [ -7.376904296874988, 55.027685546874999 ], [ -7.218652343749997, 55.091992187499997 ], [ -7.100634765624992, 55.048291015625018 ], [ -7.030761718750007, 55.08061523437501 ], [ -6.947167968749994, 55.182519531250009 ], [ -6.475048828124981, 55.24101562500001 ], [ -6.129150390625007, 55.217382812500006 ], [ -6.03579101562499, 55.14453125 ], [ -5.985742187499993, 55.0296875 ], [ -5.869189453124982, 54.91621093749999 ], [ -5.716845703124992, 54.817480468749991 ], [ -5.71074218749999, 54.757080078125 ], [ -5.879101562499981, 54.684375 ], [ -5.878613281249982, 54.64130859374999 ], [ -5.738623046874975, 54.673046875 ], [ -5.582519531249998, 54.663427734374991 ], [ -5.527929687499978, 54.619628906250007 ], [ -5.470410156249972, 54.500195312499997 ], [ -5.483886718749998, 54.441650390625007 ], [ -5.671093749999979, 54.549755859375004 ], [ -5.655957031249976, 54.381738281250001 ], [ -5.557812499999976, 54.370996093750001 ], [ -5.606787109374983, 54.272558593750006 ], [ -5.826171875, 54.23583984375 ], [ -5.937744140624993, 54.089062500000011 ], [ -6.019042968749995, 54.051269531250014 ], [ -6.218017578124993, 54.088720703124999 ] ] ], [ [ [ -1.065576171874991, 50.690234375 ], [ -1.251464843749998, 50.588818359375004 ], [ -1.563427734374987, 50.666113281249999 ], [ -1.312792968749987, 50.773486328124996 ], [ -1.065576171874991, 50.690234375 ] ] ] ] } },
{ "type": "Feature", "properties": { "name": "Vatican", "iso_a2": "VA" }, "geometry": { "type": "Polygon", "coordinates": [ [ [ 12.438378906250026, 41.90620117187499 ], [ 12.430566406250023, 41.89755859375002 ], [ 12.427539062500019, 41.900732421875006 ], [ 12.438378906250026, 41.90620117187499 ] ] ] } },
{ "type": "Feature", "properties": { "name": "Åland", "iso_a2": "AX" }, "geometry": { "type": "MultiPolygon", "coordinates": [ [ [ [ 19.989550781250014, 60.351171875 ], [ 20.087402343749996, 60.353417968750009 ], [ 20.258886718750002, 60.26127929687501 ], [ 20.194726562500023, 60.19355468749999 ], [ 20.042578125, 60.1806640625 ], [ 20.033984375000014, 60.093554687500017 ], [ 19.745996093750016, 60.098974609374991 ], [ 19.67226562500003, 60.233007812500006 ], [ 19.686914062500019, 60.26762695312501 ], [ 19.779003906250018, 60.285546875 ], [ 19.785253906249999, 60.213378906250007 ], [ 19.84765625, 60.220556640624999 ], [ 19.871582031249996, 60.301611328124991 ], [ 19.787792968750004, 60.354052734374989 ], [ 19.823046875000017, 60.39018554687501 ], [ 19.88828125, 60.40581054687501 ], [ 19.989550781250014, 60.351171875 ] ] ], [ [ [ 19.628808593750019, 60.24609375 ], [ 19.66748046875, 60.164746093750004 ], [ 19.579882812500017, 60.135058593750017 ], [ 19.519042968749989, 60.184570312499993 ], [ 19.551367187500006, 60.243847656250004 ], [ 19.628808593750019, 60.24609375 ] ] ], [ [ [ 20.611328125, 60.040673828124987 ], [ 20.603417968750026, 60.016943359374999 ], [ 20.52177734375001, 60.011669921875011 ], [ 20.397949218749989, 60.040673828125001 ], [ 20.490136718750023, 60.074902343749997 ], [ 20.611328125, 60.040673828124987 ] ] ] ] } }
]
}
